Sample,Length (mm),Month,Year
1,2.27,7,2006
2,2.12,7,2006
3,1.97,7,2006
4,2.12,7,2006
5,1.55,7,2006
6,2.05,7,2006
7,1.73,7,2006
8,1.67,7,2006
9,4.28,7,2006
10,2.48,7,2006
11,1.80,7,2006
12,1.28,7,2006
13,1.38,7,2006
14,1.48,7,2006
15,1.99,7,2006
16,1.71,7,2006
17,1.46,7,2006
18,1.49,7,2006
19,1.77,7,2006
20,1.48,7,2006
21,1.54,7,2006
22,1.28,7,2006
23,1.52,7,2006
24,1.32,7,2006
25,1.53,7,2006
26,1.36,7,2006
27,1.38,7,2006
28,1.67,7,2006
29,1.76,7,2006
30,1.77,7,2006
31,2.09,7,2006
32,1.71,7,2006
33,1.68,7,2006
34,1.51,7,2006
35,1.57,7,2006
36,1.90,7,2006
37,1.90,7,2006
38,1.75,7,2006
39,1.23,7,2006
40,1.53,7,2006
41,1.34,7,2006
42,1.37,7,2006
43,1.39,7,2006
44,1.41,7,2006
45,1.49,7,2006
46,1.78,7,2006
47,1.17,7,2006
48,1.67,7,2006
49,1.44,7,2006
50,1.58,7,2006
51,1.57,7,2006
52,1.58,7,2006
53,1.45,7,2006
54,1.45,7,2006
55,1.42,7,2006
56,1.36,7,2006
57,1.87,7,2006
58,1.61,7,2006
59,1.63,7,2006
60,1.03,7,2006
61,1.92,7,2006
62,1.51,7,2006
63,1.47,7,2006
64,1.44,7,2006
65,1.55,7,2006
66,1.14,7,2006
67,1.32,7,2006
68,1.15,7,2006
69,1.42,7,2006
70,1.36,7,2006
71,1.52,7,2006
72,1.29,7,2006
73,1.38,7,2006
74,1.34,7,2006
75,1.42,7,2006
76,1.42,7,2006
77,1.40,7,2006
78,1.51,7,2006
79,1.80,7,2006
80,1.60,7,2006
81,1.99,7,2006
82,1.90,7,2006
83,1.40,7,2006
84,1.65,7,2006
85,1.54,7,2006
86,1.77,7,2006
87,1.44,7,2006
88,1.57,7,2006
89,1.61,7,2006
90,1.54,7,2006
91,1.25,7,2006
92,1.67,7,2006
93,1.50,7,2006
94,1.84,7,2006
95,1.45,7,2006
96,1.04,7,2006
97,1.97,7,2006
98,1.98,7,2006
99,1.87,7,2006
100,1.68,7,2006
101,1.91,7,2006
102,1.90,7,2006
103,1.69,7,2006
104,1.55,7,2006
105,1.65,7,2006
106,1.65,7,2006
107,1.63,7,2006
108,1.80,7,2006
109,1.48,7,2006
110,1.43,7,2006
111,2.05,7,2006
112,1.23,7,2006
113,1.57,7,2006
114,1.52,7,2006
115,1.88,7,2006
116,1.57,7,2006
117,1.35,7,2006
118,1.34,7,2006
119,1.37,7,2006
120,1.62,7,2006
121,1.35,7,2006
122,1.58,7,2006
123,1.57,7,2006
124,1.60,7,2006
125,1.34,7,2006
126,1.54,7,2006
127,1.78,7,2006
128,1.89,7,2006
129,1.73,7,2006
130,0.99,7,2006
131,1.44,7,2006
132,1.72,7,2006
133,1.72,7,2006
134,1.34,7,2006
135,1.54,7,2006
136,1.45,7,2006
137,2.10,7,2006
138,1.37,7,2006
139,1.61,7,2006
140,1.68,7,2006
141,1.61,7,2006
142,1.53,7,2006
143,1.43,7,2006
144,1.79,7,2006
145,1.76,7,2006
146,1.57,7,2006
147,1.15,7,2006
148,1.39,7,2006
149,1.35,7,2006
150,1.43,7,2006
151,1.66,7,2006
152,1.50,7,2006
153,1.63,7,2006
154,1.54,7,2006
155,1.44,7,2006
156,1.34,7,2006
157,2.01,7,2006
158,1.54,7,2006
159,1.40,7,2006
160,1.44,7,2006
161,1.16,7,2006
162,1.61,7,2006
163,1.17,7,2006
164,1.54,7,2006
165,1.34,7,2006
166,1.63,7,2006
167,1.99,7,2006
168,1.53,7,2006
169,1.60,7,2006
170,1.65,7,2006
171,1.66,7,2006
172,1.46,7,2006
173,1.61,7,2006
174,1.56,7,2006
175,1.22,7,2006
176,1.60,7,2006
177,2.08,7,2006
178,1.80,7,2006
179,1.25,7,2006
180,1.28,7,2006
181,1.37,7,2006
182,1.42,7,2006
183,1.99,7,2006
184,1.24,7,2006
185,1.47,7,2006
186,1.26,7,2006
187,1.50,7,2006
188,1.47,7,2006
189,1.06,7,2006
190,1.66,7,2006
191,1.56,7,2006
192,1.64,7,2006
193,1.55,7,2006
194,1.44,7,2006
195,1.68,7,2006
196,1.53,7,2006
197,1.96,7,2006
198,1.93,7,2006
199,1.46,7,2006
200,1.61,7,2006
201,1.31,7,2006
202,1.29,7,2006
203,1.28,7,2006
204,1.36,7,2006
205,1.78,7,2006
206,1.79,7,2006
207,1.41,7,2006
208,1.35,7,2006
209,1.38,7,2006
210,1.72,7,2006
211,1.49,7,2006
212,1.38,7,2006
213,1.44,7,2006
214,1.55,7,2006
215,1.74,7,2006
216,1.74,7,2006
217,1.31,7,2006
218,1.45,7,2006
219,1.44,7,2006
220,1.57,7,2006
221,1.37,7,2006
222,1.61,7,2006
223,1.40,7,2006
224,1.68,7,2006
225,1.33,7,2006
226,1.63,7,2006
227,1.65,7,2006
228,1.55,7,2006
229,1.63,7,2006
230,1.16,7,2006
231,1.32,7,2006
232,1.58,7,2006
233,1.46,7,2006
234,1.17,7,2006
235,1.87,7,2007
236,1.40,7,2007
237,1.81,7,2007
238,1.44,7,2007
239,1.40,7,2007
240,1.30,7,2007
241,1.50,7,2007
242,1.52,7,2007
243,1.93,7,2007
244,1.58,7,2007
245,1.59,7,2007
246,1.29,7,2007
247,1.74,7,2007
248,1.70,7,2007
249,1.18,7,2007
250,1.53,7,2007
251,1.85,7,2007
252,1.53,7,2007
253,1.61,7,2007
254,0.96,7,2007
255,1.26,7,2007
256,1.03,7,2007
257,1.07,7,2007
258,1.47,7,2007
259,1.34,7,2007
260,1.54,7,2007
261,1.00,7,2007
262,1.09,7,2007
263,1.19,7,2007
264,1.23,7,2007
265,1.19,7,2007
266,1.52,7,2007
267,1.22,7,2007
268,1.05,7,2007
269,0.97,7,2007
270,1.16,7,2007
271,1.49,7,2007
272,1.23,7,2007
273,1.46,7,2007
274,1.65,7,2007
275,1.49,7,2007
276,1.62,7,2007
277,1.67,7,2007
278,1.43,7,2007
279,1.52,7,2007
280,1.51,7,2007
281,1.28,7,2007
282,1.36,7,2007
283,1.40,7,2007
284,1.53,7,2007
285,1.53,7,2007
286,1.57,7,2007
287,1.45,7,2007
288,1.47,7,2007
289,1.36,7,2007
290,1.41,7,2007
291,1.03,7,2007
292,1.26,7,2007
293,1.33,7,2007
294,1.41,7,2007
295,1.16,7,2007
296,1.26,7,2007
297,1.28,7,2007
298,1.07,7,2007
299,1.50,7,2007
300,1.34,7,2007
301,1.44,7,2007
302,1.45,7,2007
303,1.37,7,2007
304,1.42,7,2007
305,1.17,7,2007
306,1.52,7,2007
307,1.79,7,2007
308,1.46,7,2007
309,1.57,7,2007
310,1.88,7,2007
311,1.30,7,2007
312,1.72,7,2007
313,1.37,7,2007
314,1.62,7,2007
315,1.31,7,2007
316,1.30,7,2007
317,1.72,7,2007
318,1.41,7,2007
319,1.48,7,2007
320,1.41,7,2007
321,1.41,7,2007
322,1.53,7,2007
323,1.52,7,2007
324,1.67,7,2007
325,1.65,7,2007
326,1.53,7,2007
327,1.85,7,2007
328,1.66,7,2007
329,1.52,7,2007
330,1.59,7,2007
331,1.18,7,2007
332,1.43,7,2007
333,1.24,7,2007
334,1.18,7,2007
335,1.29,7,2007
336,1.25,7,2007
337,1.39,7,2007
338,1.57,7,2007
339,1.36,7,2007
340,1.49,7,2007
341,1.90,7,2007
342,1.52,7,2007
343,1.10,7,2007
344,1.43,7,2007
345,1.48,7,2007
346,1.39,7,2007
347,1.47,7,2007
348,1.18,7,2007
349,1.48,7,2007
350,1.67,7,2007
351,1.48,7,2007
352,1.46,7,2007
353,1.71,7,2007
354,1.50,7,2007
355,1.47,7,2007
356,1.68,7,2007
357,1.41,7,2007
358,1.34,7,2007
359,1.30,7,2007
360,1.41,7,2007
361,1.65,7,2007
362,1.54,7,2007
363,1.17,7,2007
364,1.52,7,2007
365,1.33,7,2007
366,1.00,7,2007
367,1.27,7,2007
368,1.34,7,2007
369,1.00,7,2007
370,1.50,7,2007
371,1.27,7,2007
372,1.65,7,2007
373,1.63,7,2007
374,1.60,7,2007
375,1.13,7,2007
376,1.49,7,2007
377,1.52,7,2007
378,1.43,7,2007
379,1.33,7,2007
380,1.58,7,2007
381,1.59,7,2007
382,1.59,7,2007
383,1.48,7,2007
384,1.31,7,2007
385,1.30,7,2007
386,1.00,7,2007
387,0.98,7,2007
388,1.17,7,2007
389,1.37,7,2007
390,1.63,7,2007
391,1.20,7,2007
392,1.25,7,2007
393,1.29,7,2007
394,1.31,7,2007
395,1.26,7,2007
396,1.54,7,2007
397,1.18,7,2007
398,1.53,7,2007
399,1.27,7,2007
400,1.40,7,2007
401,1.35,7,2007
402,1.15,7,2007
403,1.20,7,2007
404,1.11,7,2007
405,1.29,7,2007
406,1.53,7,2007
407,1.52,7,2007
408,1.38,7,2007
409,1.30,7,2007
410,0.97,7,2007
411,0.96,7,2007
412,1.75,7,2007
413,1.55,7,2007
414,1.45,7,2007
415,1.51,7,2007
416,1.38,7,2007
417,1.35,7,2007
418,1.50,7,2007
419,1.28,7,2007
420,1.49,7,2007
421,1.17,7,2007
422,1.29,7,2007
423,1.60,7,2007
424,1.38,7,2007
425,1.43,7,2007
426,1.22,7,2007
427,1.24,7,2007
428,1.31,7,2007
429,1.26,7,2007
430,1.57,7,2007
431,1.27,7,2007
432,1.98,7,2007
433,1.58,7,2007
434,1.47,7,2007
435,1.45,7,2007
436,1.54,7,2007
437,1.63,7,2007
438,1.26,7,2007
439,1.35,7,2007
440,1.54,7,2007
441,1.23,7,2007
442,1.42,7,2007
443,1.39,7,2007
444,1.31,7,2007
445,1.16,7,2007
446,1.20,7,2007
447,1.27,7,2007
448,1.49,7,2007
449,1.65,7,2007
450,1.98,7,2007
451,1.36,7,2007
452,1.41,7,2007
453,1.25,7,2007
454,1.16,7,2007
455,1.13,7,2007
456,1.36,7,2007
457,1.25,7,2007
458,0.99,7,2007
459,1.50,7,2007
460,1.49,7,2007
461,1.68,7,2007
462,1.57,7,2007
463,1.38,7,2007
464,1.46,7,2007
465,1.35,7,2007
466,1.48,7,2007
467,1.26,7,2007
468,1.49,7,2007
469,1.55,7,2007
470,1.76,7,2007
471,1.46,7,2007
472,1.45,7,2007
473,1.43,7,2007
474,1.51,7,2007
475,1.52,7,2007
476,1.39,7,2007
477,1.67,7,2007
478,1.54,7,2007
479,1.75,7,2007
480,1.11,7,2007
481,1.28,7,2007
482,1.43,7,2007
483,1.25,7,2007
484,1.38,7,2007
485,1.24,7,2007
486,1.15,7,2007
487,1.54,7,2007
488,1.43,7,2007
489,1.66,7,2007
490,1.18,7,2007
491,1.23,7,2007
492,1.55,7,2007
493,1.34,7,2007
494,1.33,7,2007
495,1.19,7,2007
496,1.17,7,2007
497,1.32,7,2007
498,1.49,7,2007
499,1.29,7,2007
500,1.38,7,2007
501,1.32,7,2007
502,1.27,7,2007
503,1.25,7,2007
504,1.32,7,2007
505,1.31,7,2007
506,1.66,7,2007
507,1.48,7,2007
508,1.48,7,2007
509,1.51,7,2007
510,1.35,7,2007
511,1.34,7,2007
512,1.33,7,2007
513,1.34,7,2007
514,1.22,7,2007
515,1.62,7,2007
516,1.39,7,2007
517,1.59,7,2007
518,1.42,7,2007
519,1.31,7,2007
520,1.19,7,2007
521,1.65,7,2007
522,1.41,7,2007
523,1.57,7,2007
524,1.37,7,2007
525,1.47,7,2007
526,1.28,7,2007
527,1.43,7,2007
528,1.16,7,2007
529,1.48,7,2007
530,1.27,7,2007
531,1.55,7,2007
532,1.13,7,2007
533,1.41,7,2007
534,1.06,7,2007
535,1.59,7,2007
536,1.57,7,2007
537,1.59,7,2007
538,1.48,7,2007
539,1.47,7,2007
540,1.34,7,2007
541,1.35,7,2007
542,1.43,7,2007
543,1.21,7,2007
544,1.11,7,2007
545,1.37,7,2007
546,1.62,7,2007
547,1.44,7,2007
548,1.69,7,2007
549,1.33,7,2007
550,1.32,7,2007
551,1.49,7,2007
552,1.38,7,2007
553,1.41,7,2007
554,1.51,7,2007
555,1.32,7,2007
556,1.33,7,2007
557,1.61,7,2007
558,1.52,7,2007
559,1.39,7,2007
560,1.46,7,2007
561,1.40,7,2007
562,1.48,7,2007
563,1.38,7,2007
564,1.26,7,2007
565,1.37,7,2007
566,1.44,7,2007
567,1.38,7,2007
568,1.44,7,2007
569,1.50,7,2007
570,1.22,7,2007
571,1.31,7,2007
572,1.03,7,2007
573,1.51,7,2007
574,1.34,7,2007
575,1.09,7,2007
576,1.49,7,2007
577,1.46,7,2007
578,1.54,7,2007
579,1.57,7,2007
580,1.24,7,2007
581,1.51,7,2007
582,1.60,7,2007
583,1.12,7,2007
584,1.37,7,2007
585,1.33,7,2007
586,1.49,7,2007
587,1.51,7,2007
588,1.41,7,2007
589,1.49,7,2007
590,1.11,7,2007
591,1.38,7,2007
592,1.34,7,2007
593,1.36,7,2007
594,1.41,7,2007
595,1.45,7,2007
596,1.22,7,2007
597,1.29,7,2007
598,1.60,7,2007
599,1.61,7,2007
600,1.43,7,2007
601,1.40,7,2007
602,1.28,7,2007
603,1.42,7,2007
604,1.41,7,2007
605,1.76,7,2007
606,1.51,7,2007
607,1.20,7,2007
608,1.42,7,2007
609,1.57,7,2007
610,1.58,7,2007
611,1.41,7,2007
612,1.39,7,2007
613,1.57,7,2007
614,1.55,7,2007
615,1.67,7,2007
616,1.44,7,2007
617,1.57,7,2007
618,1.35,7,2007
619,1.72,7,2007
620,1.35,7,2007
621,1.45,7,2007
622,1.27,7,2007
623,1.50,7,2007
624,1.53,7,2007
625,1.53,7,2007
626,1.56,7,2007
627,1.32,7,2007
628,1.31,7,2007
629,1.57,7,2007
630,1.08,7,2007
631,1.32,7,2007
632,1.23,7,2007
633,1.95,7,2007
634,1.35,7,2007
635,1.60,7,2007
636,1.55,7,2007
637,1.49,7,2007
638,1.58,7,2007
639,1.55,7,2007
640,1.53,7,2007
641,1.43,7,2007
642,1.55,7,2007
643,1.37,7,2007
644,1.55,7,2007
645,1.38,7,2007
646,1.97,7,2007
647,1.68,7,2007
648,1.44,7,2007
649,0.99,7,2007
650,1.70,7,2007
651,1.19,7,2007
652,1.32,7,2007
653,1.57,7,2007
654,1.59,7,2007
655,1.35,7,2007
656,1.21,7,2007
657,1.44,7,2007
658,1.50,7,2007
659,1.23,7,2007
660,1.32,7,2007
661,1.30,7,2007
662,1.39,7,2007
663,1.60,7,2007
664,1.38,7,2007
665,1.71,7,2007
666,1.27,7,2007
667,1.37,7,2007
668,1.09,7,2007
669,1.43,7,2007
670,1.47,7,2007
671,1.58,7,2007
672,1.41,7,2007
673,1.58,7,2007
674,1.36,7,2007
675,1.11,7,2007
676,1.49,7,2007
677,1.14,7,2007
678,1.24,7,2007
679,1.35,7,2007
680,1.47,7,2007
681,1.43,7,2007
682,0.86,7,2007
683,1.60,7,2007
684,1.61,7,2007
685,1.21,7,2007
686,1.08,7,2007
687,1.33,7,2007
688,1.24,7,2007
689,1.47,7,2007
690,1.29,7,2007
691,1.49,7,2007
692,1.38,7,2007
693,1.26,7,2007
694,1.18,7,2007
695,1.41,7,2007
696,1.48,7,2007
697,1.32,7,2007
698,1.07,7,2007
699,1.60,7,2007
700,1.24,7,2007
701,1.18,7,2007
702,1.33,7,2007
703,1.37,7,2007
704,1.49,7,2007
705,1.15,7,2007
706,1.33,7,2007
707,1.29,7,2007
708,1.23,7,2007
709,1.35,7,2007
710,1.26,7,2007
711,1.61,7,2007
712,1.29,7,2007
713,1.41,7,2007
714,1.49,7,2007
715,1.36,7,2007
716,1.29,7,2007
717,1.43,7,2007
718,1.44,7,2007
719,1.54,7,2007
720,1.55,7,2007
721,1.62,7,2007
722,1.36,7,2007
723,1.20,7,2007
724,1.45,7,2007
725,1.15,7,2007
726,1.19,7,2007
727,1.19,7,2007
728,1.55,7,2007
729,1.34,7,2007
730,1.48,7,2007
731,1.15,7,2007
732,1.08,7,2007
733,1.59,7,2007
734,1.59,7,2007
735,1.26,7,2007
736,1.03,7,2007
737,1.57,7,2007
738,1.57,7,2007
739,1.10,7,2007
740,1.21,7,2007
741,1.36,7,2007
742,1.30,7,2007
743,1.59,7,2007
744,1.45,7,2007
745,1.38,7,2007
746,1.06,7,2007
747,1.28,7,2007
748,1.10,7,2007
749,1.41,7,2007
750,1.48,7,2007
751,1.21,7,2007
752,1.08,7,2007
753,0.60,7,2007
754,1.47,7,2007
755,1.27,7,2007
756,1.05,7,2007
757,1.46,7,2007
758,1.39,7,2007
759,1.32,7,2007
760,1.43,7,2007
761,1.52,7,2007
762,1.44,7,2007
763,1.44,7,2007
764,1.23,7,2007
765,1.36,7,2007
766,1.37,7,2007
767,1.34,7,2007
768,1.08,7,2007
769,1.14,7,2007
770,1.37,7,2007
771,1.58,7,2007
772,1.57,7,2007
773,1.07,7,2007
774,1.28,7,2007
775,1.15,7,2007
776,1.23,7,2007
777,1.30,7,2007
778,1.03,7,2007
779,1.09,7,2007
780,1.40,7,2007
781,1.16,7,2007
782,1.12,7,2007
783,1.33,7,2007
784,1.50,7,2007
785,1.00,7,2007
786,1.18,7,2007
787,1.41,7,2007
788,1.38,7,2007
789,1.28,7,2007
790,1.08,7,2007
791,1.13,7,2007
792,1.09,7,2007
793,1.22,7,2007
794,1.04,7,2007
795,1.06,7,2007
796,1.10,7,2007
797,1.06,7,2007
798,1.32,7,2007
799,1.34,7,2007
800,1.48,7,2007
801,1.05,7,2007
802,1.30,7,2007
803,1.21,7,2007
804,1.06,7,2007
805,1.17,7,2007
806,1.03,7,2007
807,1.51,7,2007
808,1.45,7,2007
809,1.30,7,2007
810,1.31,7,2007
811,1.52,7,2007
812,1.54,7,2007
813,1.47,7,2007
814,1.52,7,2007
815,1.43,7,2007
816,1.42,7,2007
817,1.45,7,2007
818,1.31,7,2007
819,1.22,7,2007
820,1.33,7,2007
821,1.27,7,2007
822,1.30,7,2007
823,1.40,7,2007
824,1.13,7,2007
825,0.92,7,2007
826,1.19,7,2007
827,1.25,7,2007
828,1.36,7,2007
829,1.35,7,2007
830,1.58,7,2007
831,1.29,7,2007
832,1.28,7,2007
833,1.36,7,2007
834,1.29,7,2007
835,0.96,7,2007
836,1.54,7,2007
837,0.96,7,2007
838,1.35,7,2007
839,1.35,7,2007
840,1.52,7,2007
841,1.34,7,2007
842,1.00,7,2007
843,1.25,7,2007
844,1.31,7,2007
845,1.22,7,2007
846,1.31,7,2007
847,1.23,7,2007
848,1.29,7,2007
849,1.48,7,2007
850,1.26,7,2007
851,1.19,7,2007
852,1.29,7,2007
853,1.35,7,2007
854,1.41,7,2007
855,1.33,7,2007
856,1.09,7,2007
857,1.10,7,2007
858,1.14,7,2007
859,1.27,7,2007
860,1.49,7,2007
861,1.32,7,2007
862,1.48,7,2007
863,1.49,7,2007
864,1.35,7,2007
865,1.12,7,2007
866,1.23,7,2007
867,1.20,7,2007
868,1.16,7,2007
869,1.10,7,2007
870,1.09,7,2007
871,1.36,7,2007
872,1.03,7,2007
873,1.16,7,2007
874,1.38,7,2007
875,1.44,7,2007
876,1.41,7,2007
877,1.10,7,2007
878,1.20,7,2007
879,1.28,7,2007
880,1.26,7,2007
881,1.21,7,2007
882,1.29,7,2007
883,1.29,7,2007
884,1.46,7,2007
885,1.34,7,2007
886,1.36,7,2007
887,1.38,7,2007
888,1.27,7,2007
889,1.24,7,2007
890,1.06,7,2007
891,1.06,7,2007
892,1.12,7,2007
893,1.17,7,2007
894,1.07,7,2007
895,1.36,7,2007
896,1.32,7,2007
897,1.06,7,2007
898,1.16,7,2007
899,1.26,7,2007
900,1.24,7,2007
901,1.38,7,2007
902,1.05,7,2007
903,1.30,7,2007
904,1.26,7,2007
905,1.14,7,2007
906,1.13,7,2007
907,1.33,7,2007
908,1.11,7,2007
909,1.51,7,2007
910,1.11,7,2007
911,1.06,7,2007
912,1.18,7,2007
913,1.18,7,2007
914,1.34,7,2007
915,1.03,7,2007
916,1.15,7,2007
917,1.27,7,2007
918,1.14,7,2007
919,1.32,7,2007
920,1.18,7,2007
921,1.20,7,2007
922,1.13,7,2007
923,1.18,7,2007
924,1.27,7,2007
925,1.09,7,2007
926,1.01,7,2007
927,0.91,7,2007
928,1.36,7,2007
929,1.21,7,2007
930,1.43,7,2007
931,1.28,7,2007
932,0.82,7,2007
933,1.20,7,2007
934,1.14,7,2007
935,1.18,7,2007
936,1.07,7,2007
937,1.09,7,2007
938,1.10,7,2007
939,0.96,7,2007
940,1.02,7,2007
941,1.09,7,2007
942,0.87,7,2007
943,1.04,7,2007
944,1.17,7,2007
945,1.16,7,2007
946,1.11,7,2007
947,1.26,7,2007
948,1.12,7,2007
949,0.98,7,2007
950,0.70,7,2007
951,1.11,7,2007
952,1.10,7,2007
953,0.70,7,2007
954,1.07,7,2007
955,1.23,7,2007
956,0.97,7,2007
957,1.14,7,2007
958,1.06,7,2007
959,1.07,7,2007
960,1.10,7,2007
961,1.20,7,2007
962,0.80,7,2007
963,0.97,7,2007
964,1.16,7,2007
965,1.02,7,2007
966,0.91,7,2007
967,1.05,7,2007
968,1.05,7,2007
969,0.97,7,2007
970,1.06,7,2007
971,0.91,7,2007
972,0.95,7,2007
973,0.85,7,2007
974,0.82,7,2007
975,0.87,7,2007
976,0.79,7,2007
977,1.02,7,2007
978,1.28,7,2008
979,1.67,7,2008
980,1.74,7,2008
981,1.50,7,2008
982,1.59,7,2008
983,1.78,7,2008
984,1.20,7,2008
985,1.55,7,2008
986,1.15,7,2008
987,1.79,7,2008
988,1.46,7,2008
989,1.50,7,2008
990,1.61,7,2008
991,1.54,7,2008
992,1.53,7,2008
993,1.62,7,2008
994,1.67,7,2008
995,1.68,7,2008
996,1.60,7,2008
997,1.47,7,2008
998,1.43,7,2008
999,1.54,7,2008
1000,1.30,7,2008
1001,1.15,7,2008
1002,1.39,7,2008
1003,1.71,7,2008
1004,1.82,7,2008
1005,1.74,7,2008
1006,1.90,7,2008
1007,1.48,7,2008
1008,1.72,7,2008
1009,1.59,7,2008
1010,1.56,7,2008
1011,1.81,7,2008
1012,1.59,7,2008
1013,1.65,7,2008
1014,1.66,7,2008
1015,1.52,7,2008
1016,1.49,7,2008
1017,1.42,7,2008
1018,1.74,7,2008
1019,1.19,7,2008
1020,1.47,7,2008
1021,1.72,7,2008
1022,1.48,7,2008
1023,1.56,7,2008
1024,1.86,7,2008
1025,1.39,7,2008
1026,1.20,7,2008
1027,1.26,7,2008
1028,1.26,7,2008
1029,1.35,7,2008
1030,1.33,7,2008
1031,1.32,7,2008
1032,1.10,7,2008
1033,1.21,7,2008
1034,1.17,7,2008
1035,1.58,7,2008
1036,1.60,7,2008
1037,1.43,7,2008
1038,1.61,7,2008
1039,1.61,7,2008
1040,1.41,7,2008
1041,1.41,7,2008
1042,1.38,7,2008
1043,1.54,7,2008
1044,1.62,7,2008
1045,1.59,7,2008
1046,1.34,7,2008
1047,1.48,7,2008
1048,1.60,7,2008
1049,1.51,7,2008
1050,1.28,7,2008
1051,1.04,7,2008
1052,1.62,7,2008
1053,1.25,7,2008
1054,1.30,7,2008
1055,1.97,7,2008
1056,1.51,7,2008
1057,1.58,7,2008
1058,1.55,7,2008
1059,1.09,7,2008
1060,1.05,7,2008
1061,1.46,7,2008
1062,1.46,7,2008
1063,1.46,7,2008
1064,1.39,7,2008
1065,1.46,7,2008
1066,1.67,7,2008
1067,1.63,7,2008
1068,1.71,7,2008
1069,1.79,7,2008
1070,1.38,7,2008
1071,1.56,7,2008
1072,1.50,7,2008
1073,1.58,7,2008
1074,1.21,7,2008
1075,1.40,7,2008
1076,1.50,7,2008
1077,1.55,7,2008
1078,1.58,7,2008
1079,1.37,7,2008
1080,1.25,7,2008
1081,1.47,7,2008
1082,1.51,7,2008
1083,1.47,7,2008
1084,1.38,7,2008
1085,1.27,7,2008
1086,1.52,7,2008
1087,1.89,7,2008
1088,1.72,7,2008
1089,1.42,7,2008
1090,1.58,7,2008
1091,1.81,7,2008
1092,1.60,7,2008
1093,1.33,7,2008
1094,1.17,7,2008
1095,1.67,7,2008
1096,1.35,7,2008
1097,1.03,7,2008
1098,1.24,7,2008
1099,1.43,7,2008
1100,1.33,7,2008
1101,1.81,7,2008
1102,1.84,7,2008
1103,1.35,7,2008
1104,1.59,7,2008
1105,1.56,7,2008
1106,1.85,7,2008
1107,1.57,7,2008
1108,1.59,7,2008
1109,1.78,7,2008
1110,1.78,7,2008
1111,1.53,7,2008
1112,1.45,7,2008
1113,1.71,7,2008
1114,1.50,7,2008
1115,1.27,7,2008
1116,1.38,7,2008
1117,1.35,7,2008
1118,1.18,7,2008
1119,1.21,7,2008
1120,1.07,7,2008
1121,1.75,7,2008
1122,1.78,7,2008
1123,1.66,7,2008
1124,1.57,7,2008
1125,1.32,7,2008
1126,1.49,7,2008
1127,1.31,7,2008
1128,1.19,7,2008
1129,1.42,7,2008
1130,1.23,7,2008
1131,1.34,7,2008
1132,1.25,7,2008
1133,1.39,7,2008
1134,1.45,7,2008
1135,1.66,7,2008
1136,1.75,7,2008
1137,1.52,7,2008
1138,1.66,7,2008
1139,1.74,7,2008
1140,1.42,7,2008
1141,1.30,7,2008
1142,1.41,7,2008
1143,1.11,7,2008
1144,1.74,7,2008
1145,1.75,7,2008
1146,1.77,7,2008
1147,1.51,7,2008
1148,1.41,7,2008
1149,1.32,7,2008
1150,1.67,7,2008
1151,1.62,7,2008
1152,0.91,7,2008
1153,1.14,7,2008
1154,1.44,7,2008
1155,1.44,7,2008
1156,0.83,7,2008
1157,1.22,7,2008
1158,1.51,7,2008
1159,1.63,7,2008
1160,1.75,7,2008
1161,1.91,7,2008
1162,1.73,7,2008
1163,1.63,7,2008
1164,1.61,7,2008
1165,1.35,7,2008
1166,1.44,7,2008
1167,1.33,7,2008
1168,0.91,7,2008
1169,1.02,7,2008
1170,1.43,7,2008
1171,1.61,7,2008
1172,1.46,7,2008
1173,1.70,7,2008
1174,1.58,7,2008
1175,1.33,7,2008
1176,1.41,7,2008
1177,1.48,7,2008
1178,1.78,7,2008
1179,1.26,7,2008
1180,1.38,7,2008
1181,1.74,7,2008
1182,1.39,7,2008
1183,1.63,7,2008
1184,1.63,7,2008
1185,1.31,7,2008
1186,1.57,7,2008
1187,1.28,7,2008
1188,0.97,7,2008
1189,1.36,7,2008
1190,1.51,7,2008
1191,1.19,7,2008
1192,1.28,7,2008
1193,1.30,7,2008
1194,1.61,7,2008
1195,1.77,7,2008
1196,1.66,7,2008
1197,1.76,7,2008
1198,1.43,7,2008
1199,1.59,7,2008
1200,1.49,7,2008
1201,1.63,7,2008
1202,1.31,7,2008
1203,1.05,7,2008
1204,1.33,7,2008
1205,1.24,7,2008
1206,1.60,7,2008
1207,1.39,7,2008
1208,1.24,7,2008
1209,1.42,7,2008
1210,1.17,7,2008
1211,1.56,7,2008
1212,1.69,7,2008
1213,1.59,7,2008
1214,1.24,7,2008
1215,1.09,7,2008
1216,1.39,7,2008
1217,1.73,7,2008
1218,1.56,7,2008
1219,1.34,7,2008
1220,1.38,7,2008
1221,1.13,7,2008
1222,1.07,7,2008
1223,1.48,7,2008
1224,1.41,7,2008
1225,1.65,7,2008
1226,0.97,7,2008
1227,1.35,7,2008
1228,0.74,7,2008
1229,0.78,7,2008
1230,1.57,7,2008
1231,1.17,7,2008
1232,1.24,7,2008
1233,1.55,7,2008
1234,1.29,7,2008
1235,1.92,7,2008
1236,1.54,7,2008
1237,1.06,7,2008
1238,1.44,7,2008
1239,1.35,7,2008
1240,1.42,7,2008
1241,1.55,7,2008
1242,1.17,7,2008
1243,1.12,7,2008
1244,1.64,7,2008
1245,1.54,7,2008
1246,1.15,7,2008
1247,1.21,7,2008
1248,1.23,7,2008
1249,1.09,7,2008
1,2.22,8,2006
2,2.82,8,2006
3,2.93,8,2006
4,2.65,8,2006
5,2.47,8,2006
6,2.73,8,2006
7,2.64,8,2006
8,2.42,8,2006
9,2.58,8,2006
10,2.02,8,2007
11,1.79,8,2007
12,2.09,8,2007
13,2.21,8,2007
14,1.53,8,2007
15,1.97,8,2007
16,1.72,8,2007
17,1.92,8,2007
18,1.51,8,2007
19,2.08,8,2007
20,1.30,8,2007
21,1.74,8,2007
22,1.35,8,2007
23,1.66,8,2007
24,1.68,8,2007
25,1.30,8,2007
26,1.84,8,2007
27,1.88,8,2007
28,1.75,8,2007
29,1.79,8,2007
30,1.22,8,2007
31,1.56,8,2007
32,1.62,8,2007
33,1.68,8,2007
34,1.36,8,2007
1,2.33,9,2006
2,2.68,9,2006
3,2.17,9,2006
4,3.07,9,2006
5,2.67,9,2006
6,2.57,9,2006
7,2.59,9,2006
8,2.49,9,2006
9,2.49,9,2006
10,1.99,9,2006
11,2.91,9,2006
12,2.69,9,2006
13,2.28,9,2006
14,2.90,9,2006
15,2.82,9,2006
16,2.63,9,2006
17,2.48,9,2006
18,2.65,9,2006
19,2.66,9,2006
20,2.48,9,2006
21,2.61,9,2006
22,2.19,9,2006
23,2.53,9,2006
24,2.59,9,2006
25,2.70,9,2006
26,2.01,9,2006
27,2.78,9,2006
28,2.12,9,2006
29,2.18,9,2006
30,2.60,9,2006
31,2.22,9,2006
32,2.63,9,2006
33,2.42,9,2006
34,2.99,9,2006
35,2.51,9,2006
36,2.36,9,2006
37,2.07,9,2006
38,2.28,9,2006
39,2.03,9,2006
40,1.78,9,2006
41,2.31,9,2006
42,2.35,9,2006
43,2.21,9,2006
44,1.88,9,2006
45,2.26,9,2006
46,2.70,9,2006
47,2.79,9,2006
48,1.85,9,2006
49,2.71,9,2006
50,2.30,9,2006
51,2.66,9,2006
52,2.48,9,2006
53,2.24,9,2006
54,2.21,9,2006
55,2.42,9,2006
56,2.13,9,2006
57,2.29,9,2006
58,2.02,9,2006
59,2.30,9,2006
60,2.44,9,2006
61,2.24,9,2006
62,2.23,9,2006
63,2.03,9,2006
64,2.42,9,2006
65,2.25,9,2006
66,2.35,9,2006
67,2.27,9,2006
68,2.32,9,2006
69,1.66,9,2006
70,2.15,9,2006
71,2.36,9,2006
72,2.30,9,2006
73,2.54,9,2006
74,1.95,9,2006
75,1.99,9,2006
76,2.22,9,2006
77,1.99,9,2006
78,2.07,9,2006
79,1.60,9,2006
80,2.40,9,2006
81,2.11,9,2006
82,2.09,9,2006
83,2.31,9,2006
84,2.04,9,2006
85,2.20,9,2006
86,1.95,9,2006
87,2.02,9,2006
88,1.90,9,2006
89,2.04,9,2006
90,1.91,9,2006
91,1.46,9,2006
92,2.05,9,2006
93,2.40,9,2006
94,1.55,9,2006
95,2.14,9,2006
96,1.94,9,2006
97,1.85,9,2006
98,1.76,9,2006
99,2.00,9,2006
100,2.38,9,2006
101,2.17,9,2006
102,2.05,9,2006
103,1.90,9,2006
104,2.02,9,2006
105,2.28,9,2006
106,2.13,9,2006
107,2.36,9,2006
108,1.98,9,2006
109,2.20,9,2006
110,1.95,9,2006
111,1.98,9,2006
112,2.28,9,2006
113,2.23,9,2006
114,3.25,9,2007
115,3.25,9,2007
116,3.25,9,2007
117,3.25,9,2007
118,3.25,9,2007
119,3.25,9,2007
120,3.25,9,2007
121,3.25,9,2007
122,3.25,9,2007
123,3.25,9,2007
124,3.25,9,2007
125,3.25,9,2007
126,3.25,9,2007
127,3.25,9,2007
128,3.25,9,2007
129,3.25,9,2007
130,3.25,9,2007
131,3.25,9,2007
132,3.25,9,2007
133,3.25,9,2007
134,3.25,9,2007
135,3.25,9,2007
136,3.25,9,2007
137,3.25,9,2007
138,3.25,9,2007
139,3.25,9,2007
140,3.25,9,2007
141,3.25,9,2007
142,3.25,9,2007
143,3.25,9,2007
144,3.25,9,2007
145,3.25,9,2007
146,3.25,9,2007
147,3.25,9,2007
148,3.25,9,2007
149,3.25,9,2007
150,3.25,9,2007
151,3.25,9,2007
152,2.93,9,2007
153,2.67,9,2007
154,2.74,9,2007
155,2.57,9,2007
156,2.78,9,2007
157,2.86,9,2007
158,2.72,9,2007
159,2.54,9,2007
160,2.54,9,2007
161,2.66,9,2007
162,2.67,9,2007
163,2.80,9,2007
164,3.13,9,2007
165,2.91,9,2007
166,2.94,9,2007
167,3.05,9,2007
168,2.61,9,2007
169,2.93,9,2007
170,3.12,9,2007
171,2.73,9,2007
172,2.89,9,2007
173,2.77,9,2007
174,2.99,9,2007
175,2.94,9,2007
176,2.65,9,2007
177,2.75,9,2007
178,2.87,9,2007
179,3.26,9,2007
180,2.90,9,2007
181,2.60,9,2007
182,2.84,9,2007
183,2.58,9,2007
184,2.33,9,2007
185,2.94,9,2007
186,2.99,9,2007
187,2.50,9,2007
188,3.03,9,2007
189,2.65,9,2007
190,2.95,9,2007
191,3.02,9,2007
192,3.17,9,2007
193,3.25,9,2007
194,2.48,9,2007
195,3.21,9,2007
196,2.86,9,2007
197,3.00,9,2007
198,2.94,9,2007
199,3.17,9,2007
200,2.97,9,2007
201,2.79,9,2007
202,3.33,9,2007
203,2.98,9,2007
204,2.96,9,2007
205,3.02,9,2007
206,3.02,9,2007
207,2.63,9,2007
208,2.68,9,2007
209,3.28,9,2007
210,2.94,9,2007
211,2.84,9,2007
212,2.93,9,2007
213,2.79,9,2007
214,3.04,9,2007
215,2.87,9,2007
216,3.04,9,2007
217,2.83,9,2007
218,2.63,9,2007
219,2.95,9,2007
220,3.20,9,2007
221,3.00,9,2007
222,3.16,9,2007
223,3.02,9,2007
224,3.31,9,2007
225,2.62,9,2007
226,3.32,9,2007
227,2.64,9,2007
228,2.81,9,2007
229,3.18,9,2007
230,2.30,9,2007
231,2.35,9,2007
232,2.93,9,2007
233,3.15,9,2007
234,2.68,9,2007
235,2.87,9,2007
236,2.76,9,2007
237,2.53,9,2007
238,3.13,9,2007
239,2.81,9,2007
240,2.60,9,2007
241,2.83,9,2007
242,2.82,9,2007
243,2.53,9,2007
244,2.98,9,2007
245,2.80,9,2007
246,2.97,9,2007
247,5.67,9,2007
248,3.38,9,2007
249,2.87,9,2007
250,2.70,9,2007
251,3.01,9,2007
252,2.67,9,2007
253,2.62,9,2007
254,3.01,9,2007
255,2.64,9,2007
256,3.72,9,2007
257,2.68,9,2007
258,2.57,9,2007
259,2.86,9,2007
260,2.96,9,2007
261,2.58,9,2007
262,3.27,9,2007
263,3.19,9,2007
264,2.78,9,2007
265,2.69,9,2007
266,3.15,9,2007
267,2.84,9,2007
268,2.43,9,2007
269,3.21,9,2007
270,3.39,9,2007
271,2.95,9,2007
272,2.93,9,2007
273,3.09,9,2007
274,3.20,9,2007
275,3.11,9,2007
276,2.94,9,2007
277,2.91,9,2007
278,2.56,9,2007
279,2.63,9,2007
280,2.55,9,2007
281,2.27,9,2007
282,2.53,9,2007
283,2.79,9,2007
284,3.21,9,2007
285,2.64,9,2007
286,2.50,9,2007
287,2.42,9,2007
288,3.07,9,2007
289,2.94,9,2007
290,2.89,9,2007
291,2.69,9,2007
292,2.72,9,2007
293,3.05,9,2007
294,2.97,9,2007
295,2.98,9,2007
296,2.71,9,2007
297,2.65,9,2007
298,2.84,9,2007
299,2.87,9,2007
300,2.80,9,2007
301,2.49,9,2007
302,2.94,9,2007
303,2.40,9,2007
304,2.75,9,2007
305,2.82,9,2007
306,3.27,9,2007
307,2.66,9,2007
308,2.66,9,2007
309,2.85,9,2007
310,2.77,9,2007
311,3.12,9,2007
312,2.73,9,2007
313,2.60,9,2007
314,3.22,9,2007
315,2.95,9,2007
316,2.65,9,2007
317,2.83,9,2007
318,2.95,9,2007
319,3.21,9,2007
320,3.18,9,2007
321,2.37,9,2007
322,3.96,9,2007
323,3.09,9,2007
324,2.97,9,2007
325,3.01,9,2007
326,2.36,9,2007
327,3.13,9,2007
328,2.56,9,2007
329,2.83,9,2007
330,2.89,9,2007
331,2.77,9,2007
332,2.61,9,2007
333,2.54,9,2007
334,2.72,9,2007
335,2.79,9,2007
336,2.80,9,2007
337,2.76,9,2007
338,3.10,9,2007
339,3.33,9,2007
340,2.65,9,2007
341,3.03,9,2007
342,2.59,9,2007
343,2.79,9,2007
344,3.27,9,2007
345,2.90,9,2007
346,2.82,9,2007
347,2.68,9,2007
348,2.67,9,2007
349,2.73,9,2007
350,2.72,9,2007
351,2.63,9,2007
352,2.88,9,2007
353,2.41,9,2007
354,3.38,9,2007
355,2.82,9,2007
356,2.99,9,2007
357,3.14,9,2007
358,3.03,9,2007
359,2.52,9,2007
360,3.01,9,2007
361,2.99,9,2007
362,3.32,9,2007
363,3.34,9,2007
364,2.82,9,2007
365,2.75,9,2007
366,2.98,9,2007
367,3.13,9,2007
368,3.03,9,2007
369,2.68,9,2007
370,2.61,9,2007
371,2.82,9,2007
372,2.72,9,2007
373,3.03,9,2007
374,2.52,9,2007
375,2.65,9,2007
376,2.55,9,2007
377,2.93,9,2007
378,2.88,9,2007
379,2.36,9,2007
380,5.69,9,2007
381,2.65,9,2007
382,2.69,9,2007
383,3.22,9,2007
384,2.68,9,2007
385,3.04,9,2007
386,2.78,9,2007
387,2.44,9,2007
388,2.99,9,2007
389,3.20,9,2007
390,2.71,9,2007
391,2.94,9,2007
392,3.28,9,2007
393,2.78,9,2007
394,2.52,9,2007
395,2.78,9,2007
396,2.87,9,2007
397,2.51,9,2007
398,3.18,9,2007
399,2.79,9,2007
400,3.10,9,2007
401,2.71,9,2007
402,2.42,9,2007
403,2.57,9,2007
404,2.88,9,2007
405,2.47,9,2007
406,2.73,9,2007
407,3.09,9,2007
408,2.94,9,2007
409,2.75,9,2007
410,2.37,9,2007
411,2.50,9,2007
412,3.44,9,2007
413,2.79,9,2007
414,2.77,9,2007
415,3.20,9,2007
416,2.89,9,2007
417,2.77,9,2007
418,3.09,9,2007
419,2.83,9,2007
420,2.77,9,2007
421,2.70,9,2007
422,3.16,9,2007
423,3.14,9,2007
424,3.10,9,2007
425,2.71,9,2007
426,3.16,9,2007
427,3.07,9,2007
428,2.50,9,2007
429,3.02,9,2007
430,3.25,9,2007
431,2.71,9,2007
432,2.72,9,2007
433,2.90,9,2007
434,2.89,9,2007
435,2.52,9,2007
436,2.48,9,2007
437,2.42,9,2007
438,2.84,9,2007
439,2.85,9,2007
440,3.38,9,2007
441,2.63,9,2007
442,2.81,9,2007
443,2.76,9,2007
444,2.68,9,2007
445,2.48,9,2007
446,2.64,9,2007
447,2.95,9,2007
448,2.90,9,2007
449,3.32,9,2007
450,2.89,9,2007
451,2.63,9,2007
452,2.62,9,2007
453,2.70,9,2007
454,2.64,9,2007
455,2.84,9,2007
456,2.93,9,2007
457,3.64,9,2007
458,2.80,9,2007
459,2.97,9,2007
460,2.76,9,2007
461,2.57,9,2007
462,3.27,9,2007
463,2.41,9,2007
464,2.74,9,2007
465,2.86,9,2007
466,2.59,9,2007
467,2.96,9,2007
468,2.93,9,2007
469,3.16,9,2007
470,3.36,9,2007
471,2.68,9,2007
472,2.91,9,2007
473,2.92,9,2007
474,2.80,9,2007
475,2.64,9,2007
476,2.73,9,2007
477,2.59,9,2007
478,2.74,9,2007
479,2.75,9,2007
480,3.05,9,2007
481,2.46,9,2007
482,2.70,9,2007
483,2.96,9,2007
484,2.75,9,2007
485,2.75,9,2007
486,2.78,9,2007
487,2.99,9,2007
488,2.49,9,2007
489,3.03,9,2007
490,3.09,9,2007
491,3.22,9,2007
492,2.28,9,2007
493,2.58,9,2007
494,3.22,9,2007
495,3.05,9,2007
496,2.74,9,2007
497,3.18,9,2007
498,3.00,9,2007
499,2.68,9,2007
500,3.03,9,2007
501,2.99,9,2007
502,2.59,9,2007
503,2.99,9,2007
504,3.25,9,2007
505,2.56,9,2007
506,2.87,9,2007
507,2.88,9,2007
508,3.24,9,2007
509,2.86,9,2007
510,2.71,9,2007
511,2.87,9,2007
512,2.63,9,2007
513,2.81,9,2007
514,2.67,9,2007
515,2.81,9,2007
516,2.68,9,2007
517,2.90,9,2007
518,2.80,9,2007
519,3.24,9,2007
520,3.24,9,2007
521,3.12,9,2007
522,2.35,9,2007
523,2.88,9,2007
524,2.96,9,2007
525,2.54,9,2007
526,2.41,9,2007
527,2.77,9,2007
528,3.12,9,2007
529,2.72,9,2007
530,2.87,9,2007
531,3.06,9,2007
532,3.30,9,2007
533,3.02,9,2007
534,2.49,9,2007
535,3.18,9,2007
536,3.22,9,2007
537,2.66,9,2007
538,2.85,9,2007
539,2.98,9,2007
540,2.85,9,2007
541,3.18,9,2007
542,2.56,9,2007
543,2.88,9,2007
544,2.57,9,2007
545,2.86,9,2007
546,2.80,9,2007
547,2.94,9,2007
548,3.08,9,2007
549,2.73,9,2007
550,2.73,9,2007
551,2.67,9,2007
552,2.99,9,2007
553,2.44,9,2007
554,3.07,9,2007
555,3.07,9,2007
556,2.55,9,2007
557,2.30,9,2007
558,2.78,9,2007
559,3.37,9,2007
560,2.68,9,2007
561,2.76,9,2007
562,3.32,9,2007
563,3.33,9,2007
564,2.49,9,2007
565,3.24,9,2007
566,3.15,9,2007
567,3.05,9,2007
568,3.00,9,2007
569,3.06,9,2007
570,3.11,9,2007
571,2.69,9,2007
572,2.75,9,2007
573,2.81,9,2007
574,2.58,9,2007
575,2.63,9,2007
576,2.42,9,2007
577,2.93,9,2007
578,2.65,9,2007
579,2.38,9,2007
580,2.65,9,2007
581,2.83,9,2007
582,2.73,9,2007
583,4.37,9,2007
584,2.55,9,2007
585,3.09,9,2007
586,2.55,9,2007
587,2.48,9,2007
588,2.42,9,2007
589,2.84,9,2007
590,2.96,9,2007
591,2.47,9,2007
592,2.82,9,2007
593,3.21,9,2007
594,2.55,9,2007
595,3.24,9,2007
596,2.70,9,2007
597,2.51,9,2007
598,2.23,9,2007
599,2.56,9,2007
600,2.48,9,2007
601,2.94,9,2007
602,2.85,9,2007
603,2.88,9,2007
604,3.04,9,2007
605,2.33,9,2007
606,2.57,9,2007
607,2.85,9,2007
608,2.63,9,2007
609,2.51,9,2007
610,2.75,9,2007
611,2.47,9,2007
612,2.75,9,2007
613,2.90,9,2007
614,3.02,9,2007
615,2.75,9,2007
616,2.61,9,2007
617,3.02,9,2007
618,2.46,9,2007
619,2.77,9,2007
620,2.55,9,2007
621,2.66,9,2007
622,2.94,9,2007
623,2.58,9,2007
624,2.55,9,2007
625,3.26,9,2007
626,2.66,9,2007
627,2.58,9,2007
628,3.01,9,2007
629,3.70,9,2007
630,2.53,9,2007
631,2.71,9,2007
632,2.61,9,2007
633,2.85,9,2007
634,3.04,9,2007
635,2.62,9,2007
636,2.76,9,2007
637,3.07,9,2007
638,3.04,9,2007
639,2.86,9,2007
640,2.66,9,2007
641,2.72,9,2007
642,3.36,9,2007
643,3.00,9,2007
644,2.27,9,2007
645,3.36,9,2007
646,2.90,9,2007
647,2.79,9,2007
648,2.64,9,2007
649,2.68,9,2007
650,2.70,9,2007
651,2.96,9,2007
652,2.73,9,2007
653,2.78,9,2007
654,3.15,9,2007
655,3.10,9,2007
656,2.63,9,2007
657,2.96,9,2007
658,2.70,9,2007
659,2.70,9,2007
660,2.68,9,2007
661,2.91,9,2007
662,2.67,9,2007
663,2.85,9,2007
664,2.67,9,2007
665,2.78,9,2007
666,2.99,9,2007
667,2.60,9,2007
668,3.48,9,2007
669,3.00,9,2007
670,2.91,9,2007
671,3.29,9,2007
672,2.94,9,2007
673,2.68,9,2007
674,2.99,9,2007
675,2.63,9,2007
676,2.88,9,2007
677,3.06,9,2007
678,2.65,9,2007
679,2.68,9,2007
680,2.59,9,2007
681,2.72,9,2007
682,3.45,9,2007
683,2.45,9,2007
684,2.68,9,2007
685,2.83,9,2007
686,2.53,9,2007
687,3.04,9,2007
688,3.00,9,2007
689,2.88,9,2007
690,3.06,9,2007
691,3.20,9,2007
692,2.99,9,2007
693,2.95,9,2007
694,3.07,9,2007
695,2.69,9,2007
696,2.93,9,2007
697,2.99,9,2007
698,2.94,9,2007
699,2.67,9,2007
700,2.78,9,2007
701,2.96,9,2007
702,2.72,9,2007
703,2.60,9,2007
704,3.00,9,2007
705,3.22,9,2007
706,2.67,9,2007
707,2.76,9,2007
708,2.46,9,2007
709,2.54,9,2007
710,2.64,9,2007
711,2.94,9,2007
712,2.71,9,2007
713,3.29,9,2007
714,2.79,9,2007
715,3.09,9,2007
716,2.95,9,2007
717,3.12,9,2007
718,2.74,9,2007
719,2.76,9,2007
720,2.96,9,2007
721,2.65,9,2007
722,2.56,9,2007
723,3.20,9,2007
724,3.24,9,2007
725,2.62,9,2007
726,2.80,9,2007
727,2.84,9,2007
728,2.61,9,2007
729,2.72,9,2007
730,2.73,9,2007
731,3.07,9,2007
732,2.83,9,2007
733,2.65,9,2007
734,2.88,9,2007
735,2.66,9,2007
736,2.62,9,2007
737,2.64,9,2007
738,2.45,9,2007
739,2.90,9,2007
740,2.70,9,2007
741,2.71,9,2007
742,2.50,9,2007
743,2.76,9,2007
744,2.58,9,2007
745,2.59,9,2007
746,2.95,9,2007
747,2.50,9,2007
748,2.58,9,2007
749,2.71,9,2007
750,3.01,9,2007
751,2.54,9,2007
752,2.98,9,2007
753,3.05,9,2007
754,2.81,9,2007
755,2.83,9,2007
756,2.92,9,2007
757,2.71,9,2007
758,2.62,9,2007
759,2.79,9,2007
760,3.15,9,2007
761,3.63,9,2007
762,3.19,9,2007
763,2.96,9,2007
764,2.51,9,2007
765,2.87,9,2007
766,2.87,9,2007
767,2.78,9,2007
768,2.72,9,2007
769,2.76,9,2007
770,2.78,9,2007
771,2.77,9,2007
772,2.62,9,2007
773,3.00,9,2007
774,2.56,9,2007
775,2.94,9,2007
776,3.09,9,2007
777,2.43,9,2007
778,2.69,9,2007
779,2.70,9,2007
780,2.72,9,2007
781,3.04,9,2007
782,2.67,9,2007
783,2.68,9,2007
784,2.78,9,2007
785,3.02,9,2007
786,2.68,9,2007
787,3.13,9,2007
788,2.77,9,2007
789,2.58,9,2007
790,2.99,9,2007
791,2.61,9,2007
792,2.89,9,2007
793,2.69,9,2007
794,2.66,9,2007
795,3.31,9,2007
796,2.50,9,2007
797,3.55,9,2007
798,2.72,9,2007
799,2.94,9,2007
800,3.01,9,2007
801,2.74,9,2007
802,2.66,9,2007
803,2.72,9,2007
804,2.78,9,2007
805,3.24,9,2007
806,2.75,9,2007
807,3.18,9,2007
808,3.18,9,2007
809,2.62,9,2007
810,2.73,9,2007
811,2.78,9,2007
812,3.06,9,2007
813,3.03,9,2007
814,3.10,9,2007
815,2.81,9,2007
816,2.83,9,2007
817,2.79,9,2007
818,2.65,9,2007
819,2.54,9,2007
820,2.82,9,2007
821,2.66,9,2007
822,2.97,9,2007
823,3.32,9,2007
824,2.71,9,2007
825,2.95,9,2007
826,2.68,9,2007
827,2.64,9,2007
828,2.40,9,2007
829,2.69,9,2007
830,2.86,9,2007
831,2.85,9,2007
832,2.96,9,2007
833,2.69,9,2007
834,2.66,9,2007
835,3.46,9,2007
836,2.89,9,2007
837,2.97,9,2007
838,2.84,9,2007
839,2.47,9,2007
840,2.62,9,2007
841,2.82,9,2007
842,2.67,9,2007
843,2.98,9,2007
844,3.21,9,2007
845,2.80,9,2007
846,2.35,9,2007
847,2.62,9,2007
848,3.05,9,2007
849,3.57,9,2007
850,2.90,9,2007
851,2.97,9,2007
852,2.57,9,2007
853,2.88,9,2007
854,2.97,9,2007
855,2.77,9,2007
856,2.96,9,2007
857,2.70,9,2007
858,2.80,9,2007
859,2.76,9,2007
860,2.24,9,2007
861,3.07,9,2007
862,2.47,9,2007
863,3.13,9,2007
864,2.74,9,2007
865,2.60,9,2007
866,3.10,9,2007
867,2.45,9,2007
868,2.84,9,2007
869,2.85,9,2007
870,3.01,9,2007
871,2.82,9,2007
872,2.49,9,2007
873,2.52,9,2007
874,2.77,9,2007
875,2.83,9,2007
876,2.87,9,2007
877,2.67,9,2007
878,2.86,9,2007
879,2.44,9,2007
880,2.91,9,2007
881,2.70,9,2007
882,2.70,9,2007
883,2.42,9,2007
884,2.68,9,2007
885,2.24,9,2007
886,2.73,9,2007
887,2.64,9,2007
888,2.57,9,2007
889,2.85,9,2007
890,2.55,9,2007
891,2.73,9,2007
892,2.46,9,2007
893,2.60,9,2007
894,2.86,9,2007
895,2.86,9,2007
896,3.00,9,2007
897,2.97,9,2007
898,2.87,9,2007
899,2.45,9,2007
900,2.63,9,2007
901,2.72,9,2007
902,2.51,9,2007
903,3.01,9,2007
904,2.47,9,2007
905,2.79,9,2007
906,2.95,9,2007
907,2.45,9,2007
908,3.03,9,2007
909,2.54,9,2007
910,2.89,9,2007
911,2.53,9,2007
912,3.12,9,2007
913,2.56,9,2007
914,2.77,9,2007
915,2.38,9,2007
916,2.90,9,2007
917,2.39,9,2007
918,2.62,9,2007
919,2.33,9,2007
920,2.71,9,2007
921,2.79,9,2007
922,2.69,9,2007
923,2.79,9,2007
924,2.81,9,2007
925,2.44,9,2007
926,2.90,9,2007
927,3.09,9,2007
928,2.66,9,2007
929,2.55,9,2007
930,2.50,9,2007
931,2.90,9,2007
932,2.58,9,2007
933,2.79,9,2007
934,3.12,9,2007
935,2.84,9,2007
936,2.72,9,2007
937,2.58,9,2007
938,2.67,9,2007
939,2.64,9,2007
940,2.63,9,2007
941,2.63,9,2007
942,2.47,9,2007
943,2.46,9,2007
944,2.41,9,2007
945,2.60,9,2007
946,2.58,9,2007
947,3.01,9,2007
948,2.58,9,2007
949,2.55,9,2007
950,2.75,9,2007
951,2.63,9,2007
952,2.87,9,2007
953,2.78,9,2007
954,2.61,9,2007
955,3.13,9,2007
956,2.62,9,2007
957,2.43,9,2007
958,2.58,9,2007
959,2.41,9,2007
960,2.49,9,2007
961,2.62,9,2007
962,2.56,9,2007
963,2.46,9,2007
964,2.19,9,2007
965,2.70,9,2007
966,2.63,9,2007
967,2.51,9,2007
968,2.25,9,2007
969,2.42,9,2007
970,2.58,9,2007
971,2.43,9,2007
972,2.62,9,2007
973,2.48,9,2007
974,1.93,9,2007
975,2.54,9,2007
976,2.34,9,2007
977,2.27,9,2007
978,2.47,9,2007
979,2.85,9,2007
980,2.20,9,2007
981,2.28,9,2007
982,2.25,9,2007
983,2.18,9,2007
984,1.72,9,2007
985,1.65,9,2007
986,2.37,9,2007
987,2.21,9,2007
988,1.47,9,2007
989,2.43,9,2007
990,2.45,9,2007
991,1.55,9,2007
992,2.46,9,2007
993,1.82,9,2007
994,2.63,9,2007
995,2.82,9,2007
996,2.63,9,2007
997,2.34,9,2007
998,2.36,9,2007
999,1.78,9,2007
1000,2.39,9,2007
1001,2.33,9,2007
1002,2.32,9,2007
1003,1.99,9,2007
1004,2.46,9,2007
1005,1.90,9,2007
1006,2.45,9,2007
1007,2.49,9,2007
1008,2.31,9,2007
1009,2.21,9,2007
1010,2.39,9,2007
1011,2.18,9,2007
1012,2.63,9,2007
1013,2.17,9,2007
1014,2.46,9,2007
1015,2.44,9,2007
1016,2.58,9,2007
1017,2.12,9,2007
1018,2.47,9,2007
1019,1.80,9,2007
1020,2.49,9,2007
1021,2.43,9,2007
1022,2.43,9,2007
1023,2.50,9,2007
1024,2.58,9,2007
1025,2.38,9,2007
1026,2.29,9,2007
1027,2.55,9,2007
1028,2.74,9,2007
1029,2.30,9,2007
1030,2.33,9,2007
1031,2.19,9,2007
1032,2.75,9,2007
1033,2.34,9,2007
1034,2.67,9,2007
1035,2.80,9,2007
1036,2.61,9,2007
1037,2.29,9,2007
1038,2.39,9,2007
1039,2.21,9,2007
1040,2.65,9,2007
1041,2.60,9,2007
1042,2.40,9,2007
1043,2.28,9,2007
1044,2.50,9,2007
1045,2.37,9,2007
1046,2.20,9,2007
1047,2.19,9,2007
1048,2.46,9,2007
1049,2.54,9,2007
1050,1.88,9,2007
1051,2.44,9,2007
1052,2.18,9,2007
1053,1.89,9,2007
1054,2.33,9,2007
1055,2.51,9,2007
1056,2.40,9,2007
1057,2.32,9,2007
1058,2.00,9,2007
1059,2.56,9,2007
1060,2.25,9,2007
1061,2.37,9,2007
1062,2.52,9,2007
1063,2.24,9,2007
1064,2.16,9,2007
1065,2.18,9,2007
1066,1.96,9,2007
1067,2.30,9,2007
1068,2.65,9,2007
1069,2.03,9,2007
1070,2.66,9,2007
1071,2.38,9,2007
1072,2.00,9,2007
1073,2.00,9,2007
1074,1.70,9,2007
1075,2.09,9,2007
1076,2.38,9,2007
1077,2.31,9,2007
1078,2.24,9,2007
1079,2.59,9,2007
1080,2.33,9,2007
1081,2.52,9,2007
1082,2.36,9,2007
1083,2.17,9,2007
1084,2.56,9,2007
1085,1.75,9,2007
1086,2.06,9,2007
1087,2.13,9,2007
1088,2.49,9,2007
1089,2.22,9,2007
1090,2.22,9,2007
1091,2.58,9,2007
1092,2.66,9,2007
1093,2.63,9,2007
1094,2.71,9,2007
1095,2.61,9,2007
1096,1.94,9,2007
1097,1.36,9,2007
1098,2.44,9,2007
1099,1.56,9,2007
1100,2.41,9,2007
1101,2.44,9,2007
1102,2.13,9,2007
1103,2.26,9,2007
1104,2.23,9,2007
1105,2.25,9,2007
1106,2.68,9,2007
1107,2.53,9,2007
1108,2.14,9,2007
1109,2.43,9,2007
1110,2.61,9,2007
1111,2.45,9,2007
1112,2.62,9,2007
1113,2.48,9,2007
1114,2.43,9,2007
1115,2.43,9,2007
1116,2.29,9,2007
1117,2.14,9,2007
1118,2.15,9,2007
1119,2.28,9,2007
1120,2.39,9,2007
1121,2.36,9,2007
1122,1.79,9,2007
1123,2.69,9,2007
1124,1.83,9,2007
1125,2.50,9,2007
1126,2.64,9,2007
1127,2.53,9,2007
1128,2.84,9,2007
1129,2.02,9,2007
1130,1.98,9,2007
1131,2.28,9,2007
1132,2.76,9,2007
1133,2.56,9,2007
1134,2.53,9,2007
1135,2.34,9,2007
1136,2.08,9,2007
1137,2.15,9,2007
1138,2.59,9,2007
1139,2.34,9,2007
1140,2.31,9,2007
1141,2.68,9,2007
1142,1.97,9,2007
1143,2.52,9,2007
1144,2.47,9,2007
1145,2.85,9,2007
1146,2.25,9,2007
1147,2.24,9,2007
1148,2.33,9,2007
1149,2.12,9,2007
1150,2.44,9,2007
1151,2.21,9,2007
1152,2.53,9,2007
1153,2.30,9,2007
1154,2.48,9,2007
1155,2.19,9,2007
1156,2.43,9,2007
1157,2.24,9,2007
1158,2.64,9,2007
1159,2.53,9,2007
1160,2.45,9,2007
1161,2.58,9,2007
1162,2.65,9,2007
1163,1.98,9,2007
1164,1.48,9,2007
1165,2.37,9,2007
1166,2.59,9,2007
1167,1.99,9,2007
1168,2.79,9,2007
1169,2.37,9,2007
1170,2.43,9,2007
1171,2.21,9,2007
1172,2.01,9,2007
1173,2.37,9,2007
1174,2.31,9,2007
1175,2.49,9,2007
1176,2.33,9,2007
1177,2.40,9,2007
1178,2.53,9,2007
1179,2.42,9,2007
1180,2.37,9,2007
1181,2.49,9,2007
1182,2.60,9,2007
1183,2.51,9,2007
1184,2.13,9,2007
1185,2.11,9,2007
1186,2.25,9,2007
1187,2.38,9,2007
1188,2.11,9,2007
1189,2.24,9,2007
1190,2.00,9,2007
1191,2.34,9,2007
1192,2.78,9,2007
1193,2.44,9,2007
1194,1.96,9,2007
1195,2.31,9,2007
1196,2.28,9,2007
1197,2.25,9,2007
1198,2.21,9,2007
1199,2.02,9,2007
1200,1.68,9,2007
1201,2.57,9,2007
1202,2.34,9,2007
1203,2.78,9,2007
1204,2.47,9,2007
1205,2.42,9,2007
1206,2.47,9,2007
1207,2.15,9,2007
1208,2.29,9,2007
1209,2.38,9,2007
1210,2.33,9,2007
1211,2.18,9,2007
1212,2.48,9,2007
1213,2.55,9,2007
1214,2.53,9,2007
1215,2.18,9,2007
1216,2.40,9,2007
1217,2.48,9,2007
1218,2.40,9,2007
1219,2.54,9,2007
1220,2.67,9,2007
1221,2.15,9,2007
1222,2.32,9,2007
1223,2.37,9,2007
1224,1.97,9,2007
1225,2.55,9,2007
1226,2.14,9,2007
1227,2.50,9,2007
1228,2.40,9,2007
1229,2.22,9,2007
1230,2.02,9,2007
1231,2.33,9,2007
1232,2.32,9,2007
1233,2.49,9,2007
1234,2.08,9,2007
1235,2.18,9,2007
1236,2.47,9,2007
1237,2.42,9,2007
1238,2.30,9,2007
1239,2.49,9,2007
1240,1.87,9,2007
1241,1.38,9,2007
1242,2.00,9,2007
1243,2.70,9,2007
1244,2.51,9,2007
1245,2.14,9,2007
1246,2.35,9,2007
1247,2.17,9,2007
1248,2.36,9,2007
1249,2.57,9,2007
1250,2.63,9,2007
1251,1.72,9,2007
1252,2.21,9,2007
1253,2.39,9,2007
1254,2.32,9,2007
1255,2.24,9,2007
1256,2.57,9,2007
1257,2.40,9,2007
1258,2.08,9,2007
1259,1.91,9,2007
1260,2.25,9,2007
1261,2.18,9,2007
1262,2.41,9,2007
1263,2.28,9,2007
1264,2.05,9,2007
1265,1.97,9,2007
1266,1.68,9,2007
1267,2.41,9,2007
1268,2.34,9,2007
1269,2.22,9,2007
1270,2.52,9,2007
1271,2.39,9,2007
1272,2.49,9,2007
1273,2.27,9,2007
1274,2.14,9,2007
1275,2.29,9,2007
1276,2.47,9,2007
1277,2.33,9,2007
1278,2.26,9,2007
1279,2.02,9,2007
1280,2.58,9,2007
1281,2.05,9,2007
1282,1.67,9,2007
1283,2.44,9,2007
1284,2.02,9,2007
1285,2.19,9,2007
1286,2.38,9,2007
1287,2.00,9,2007
1288,1.69,9,2007
1289,1.97,9,2007
1290,2.64,9,2007
1291,1.90,9,2007
1292,2.12,9,2007
1293,2.57,9,2007
1294,2.40,9,2007
1295,2.34,9,2007
1296,2.45,9,2007
1297,2.32,9,2007
1298,2.05,9,2007
1299,2.50,9,2007
1300,2.63,9,2007
1301,2.66,9,2007
1302,2.27,9,2007
1303,2.05,9,2007
1304,2.38,9,2007
1305,2.19,9,2007
1306,2.44,9,2007
1307,2.40,9,2007
1308,2.63,9,2007
1309,2.40,9,2007
1310,2.37,9,2007
1311,2.55,9,2007
1312,2.23,9,2007
1313,2.31,9,2007
1314,1.95,9,2007
1315,1.66,9,2007
1316,2.16,9,2007
1317,2.42,9,2007
1318,2.42,9,2007
1319,2.49,9,2007
1320,2.28,9,2007
1321,1.93,9,2007
1322,2.14,9,2007
1323,1.89,9,2007
1324,2.59,9,2007
1325,2.23,9,2007
1326,1.99,9,2007
1327,2.16,9,2007
1328,2.32,9,2007
1329,2.19,9,2007
1330,2.81,9,2007
1331,2.68,9,2007
1332,2.24,9,2007
1333,2.30,9,2007
1334,2.55,9,2007
1335,2.52,9,2007
1336,1.94,9,2007
1337,2.36,9,2007
1338,2.72,9,2007
1339,2.56,9,2007
1340,2.55,9,2007
1341,2.37,9,2007
1342,1.85,9,2007
1343,2.51,9,2007
1344,2.13,9,2007
1345,2.24,9,2007
1346,2.19,9,2007
1347,2.28,9,2007
1348,2.30,9,2007
1349,2.15,9,2007
1350,2.35,9,2007
1351,1.95,9,2007
1352,2.39,9,2007
1353,2.32,9,2007
1354,2.12,9,2007
1355,2.40,9,2007
1356,2.23,9,2007
1357,2.42,9,2007
1358,2.62,9,2007
1359,2.60,9,2007
1360,2.61,9,2007
1361,2.50,9,2007
1362,2.50,9,2007
1363,2.10,9,2007
1364,2.14,9,2007
1365,2.44,9,2007
1366,1.63,9,2007
1367,2.17,9,2007
1368,2.39,9,2007
1369,1.85,9,2007
1370,1.75,9,2007
1371,1.75,9,2007
1372,2.20,9,2007
1373,2.47,9,2007
1374,1.53,9,2007
1375,2.39,9,2007
1376,2.44,9,2007
1377,2.16,9,2007
1378,1.86,9,2007
1379,2.05,9,2007
1380,2.48,9,2007
1381,2.28,9,2007
1382,2.65,9,2007
1383,2.40,9,2007
1384,2.90,9,2007
1385,2.65,9,2007
1386,2.33,9,2007
1387,2.47,9,2007
1388,2.50,9,2007
1389,2.22,9,2007
1390,2.24,9,2007
1391,2.40,9,2007
1392,2.04,9,2007
1393,2.00,9,2007
1394,2.33,9,2007
1395,1.72,9,2007
1396,1.79,9,2007
1397,2.49,9,2007
1398,2.33,9,2007
1399,2.19,9,2007
1400,2.17,9,2007
1401,2.35,9,2007
1402,2.30,9,2007
1403,1.71,9,2007
1404,2.04,9,2007
1405,1.97,9,2007
1406,2.46,9,2007
1407,2.38,9,2007
1408,2.02,9,2007
1409,1.88,9,2007
1410,1.98,9,2007
1411,2.27,9,2007
1412,2.38,9,2007
1413,1.72,9,2007
1414,2.08,9,2007
1415,2.15,9,2007
1416,2.42,9,2007
1417,2.20,9,2007
1418,2.08,9,2007
1419,2.04,9,2007
1420,2.23,9,2007
1421,2.13,9,2007
1422,2.33,9,2007
1423,2.07,9,2007
1424,1.93,9,2007
1425,1.66,9,2007
1426,1.92,9,2007
1427,1.82,9,2007
1428,1.70,9,2007
1429,1.28,9,2007
1430,1.40,9,2007
1431,1.45,9,2007
1432,1.40,9,2007
1433,1.40,9,2007
1,2.12,10,2006
2,2.11,10,2006
3,3.30,10,2007
4,3.31,10,2007
5,3.34,10,2007
6,3.42,10,2007
7,2.96,10,2007
8,2.71,10,2007
9,3.69,10,2007
10,3.35,10,2007
11,3.11,10,2007
12,2.99,10,2007
13,3.37,10,2007
14,2.98,10,2007
15,3.20,10,2007
16,3.38,10,2007
17,3.64,10,2007
18,2.79,10,2007
19,2.84,10,2007
20,3.20,10,2007
21,3.53,10,2007
22,3.34,10,2007
23,3.53,10,2007
24,3.01,10,2007
25,2.71,10,2007
26,3.42,10,2007
27,3.28,10,2007
28,3.22,10,2007
29,2.74,10,2007
30,2.88,10,2007
31,3.30,10,2007
32,3.45,10,2007
33,3.13,10,2007
34,3.06,10,2007
35,3.41,10,2007
36,2.91,10,2007
37,3.28,10,2007
38,3.05,10,2007
39,2.99,10,2007
40,3.40,10,2007
41,3.23,10,2007
42,3.14,10,2007
43,2.70,10,2007
44,2.60,10,2007
45,3.38,10,2007
46,3.05,10,2007
47,3.22,10,2007
48,3.02,10,2007
49,3.17,10,2007
50,3.09,10,2007
51,3.07,10,2007
52,3.47,10,2007
53,2.86,10,2007
54,3.06,10,2007
55,2.78,10,2007
56,3.71,10,2007
57,2.95,10,2007
58,2.84,10,2007
59,3.65,10,2007
60,2.71,10,2007
61,3.29,10,2007
62,3.56,10,2007
63,3.47,10,2007
64,2.96,10,2007
65,3.22,10,2007
66,3.21,10,2007
67,3.50,10,2007
68,2.79,10,2007
69,3.10,10,2007
70,3.08,10,2007
71,2.97,10,2007
72,3.38,10,2007
73,3.12,10,2007
74,3.22,10,2007
75,3.01,10,2007
76,2.92,10,2007
77,2.32,10,2007
78,2.59,10,2007
79,3.24,10,2007
80,2.63,10,2007
81,2.99,10,2007
82,3.03,10,2007
83,3.18,10,2007
84,3.42,10,2007
85,3.04,10,2007
86,3.07,10,2007
87,3.04,10,2007
88,2.65,10,2007
89,2.81,10,2007
90,2.82,10,2007
91,2.96,10,2007
92,3.31,10,2007
93,3.01,10,2007
94,3.04,10,2007
95,3.22,10,2007
96,3.23,10,2007
97,3.28,10,2007
98,3.21,10,2007
99,3.28,10,2007
100,3.14,10,2007
101,3.37,10,2007
102,2.79,10,2007
103,3.20,10,2007
104,3.62,10,2007
105,3.52,10,2007
106,3.29,10,2007
107,2.95,10,2007
108,3.07,10,2007
109,2.82,10,2007
110,2.95,10,2007
111,3.55,10,2007
112,3.09,10,2007
113,2.80,10,2007
114,2.75,10,2007
115,3.30,10,2007
116,2.96,10,2007
117,3.44,10,2007
118,3.21,10,2007
119,3.24,10,2007
120,3.15,10,2007
121,2.69,10,2007
122,2.89,10,2007
123,2.86,10,2007
124,3.60,10,2007
125,3.34,10,2007
126,3.40,10,2007
127,2.88,10,2007
128,3.19,10,2007
129,2.97,10,2007
130,2.77,10,2007
131,2.91,10,2007
132,3.28,10,2007
133,3.12,10,2007
134,2.98,10,2007
135,2.83,10,2007
136,2.87,10,2007
137,3.23,10,2007
138,3.79,10,2007
139,2.63,10,2007
140,3.12,10,2007
141,2.98,10,2007
142,2.88,10,2007
143,3.18,10,2007
144,3.46,10,2007
145,2.66,10,2007
146,3.17,10,2007
147,3.28,10,2007
148,3.38,10,2007
149,2.90,10,2007
150,2.91,10,2007
151,2.87,10,2007
152,3.32,10,2007
153,2.73,10,2007
154,2.87,10,2007
155,3.25,10,2007
156,3.00,10,2007
157,2.28,10,2007
158,2.56,10,2007
159,2.45,10,2007
160,3.10,10,2007
161,2.88,10,2007
162,2.99,10,2007
163,3.30,10,2007
164,3.24,10,2007
165,2.63,10,2007
166,3.26,10,2007
167,2.91,10,2007
168,2.75,10,2007
169,3.23,10,2007
170,3.07,10,2007
171,2.85,10,2007
172,3.42,10,2007
173,2.97,10,2007
174,3.54,10,2007
175,2.87,10,2007
176,3.03,10,2007
177,2.87,10,2007
178,3.09,10,2007
179,3.40,10,2007
180,3.41,10,2007
181,3.06,10,2007
182,2.79,10,2007
183,3.01,10,2007
184,2.83,10,2007
185,2.87,10,2007
186,2.82,10,2007
187,2.77,10,2007
188,3.54,10,2007
189,3.28,10,2007
190,3.08,10,2007
191,3.63,10,2007
192,3.18,10,2007
193,3.05,10,2007
194,3.03,10,2007
195,2.82,10,2007
196,3.12,10,2007
197,2.51,10,2007
198,3.11,10,2007
199,3.34,10,2007
200,3.05,10,2007
201,3.10,10,2007
202,3.52,10,2007
203,2.54,10,2007
204,2.94,10,2007
205,2.76,10,2007
206,3.00,10,2007
207,2.82,10,2007
208,2.78,10,2007
209,2.79,10,2007
210,3.04,10,2007
211,3.02,10,2007
212,3.14,10,2007
213,3.80,10,2007
214,2.86,10,2007
215,3.24,10,2007
216,2.91,10,2007
217,2.82,10,2007
218,3.06,10,2007
219,3.04,10,2007
220,2.58,10,2007
221,2.37,10,2007
222,2.59,10,2007
223,2.68,10,2007
224,2.79,10,2007
1,2.07,11,2006
2,1.28,11,2006
3,1.73,11,2006
4,1.80,11,2006
5,1.38,11,2006
6,5.15,11,2006
7,4.47,11,2006
8,5.07,11,2006
9,4.73,11,2006
10,4.75,11,2006
11,5.22,11,2006
12,4.54,11,2006
13,5.27,11,2006
14,4.43,11,2006
15,5.35,11,2006
16,5.07,11,2006
17,5.58,11,2006
18,5.31,11,2006
19,5.14,11,2006
20,4.83,11,2006
21,4.95,11,2006
22,5.94,11,2006
23,5.18,11,2006
24,5.03,11,2006
25,5.37,11,2006
26,5.06,11,2006
27,4.73,11,2006
28,4.19,11,2006
29,4.18,11,2006
30,4.59,11,2006
31,4.69,11,2006
32,5.12,11,2006
33,4.81,11,2006
34,5.05,11,2006
35,3.96,11,2006
36,4.60,11,2006
37,4.67,11,2006
38,4.85,11,2006
39,4.98,11,2006
40,4.85,11,2006
41,4.25,11,2006
42,3.97,11,2006
43,4.04,11,2006
44,4.07,11,2006
45,4.36,11,2007
46,4.44,11,2007
47,5.17,11,2007
48,4.09,11,2007
49,4.58,11,2007
50,4.86,11,2007
51,4.64,11,2007
52,4.61,11,2007
53,4.59,11,2007
54,3.98,11,2007
55,3.89,11,2007
56,4.10,11,2007
57,4.39,11,2007
58,4.71,11,2007
59,3.28,11,2007
60,4.14,11,2007
61,3.41,11,2007
62,4.13,11,2007
63,5.04,11,2007
64,3.43,11,2007
65,3.69,11,2007
66,3.78,11,2007
67,4.27,11,2007
68,4.54,11,2007
69,4.73,11,2007
70,3.95,11,2007
71,3.90,11,2007
72,4.55,11,2007
73,3.66,11,2007
74,4.16,11,2007
75,4.09,11,2007
76,4.29,11,2007
77,4.35,11,2007
78,3.97,11,2007
79,4.05,11,2007
80,4.21,11,2007
81,4.85,11,2007
82,4.11,11,2007
83,4.20,11,2007
84,4.18,11,2007
85,3.58,11,2007
86,4.42,11,2007
87,4.36,11,2007
88,4.13,11,2007
89,4.57,11,2007
90,5.47,11,2007
91,4.37,11,2007
92,3.12,11,2007
93,4.54,11,2007
94,4.92,11,2007
95,4.72,11,2007
96,3.48,11,2007
97,3.86,11,2007
98,4.58,11,2007
99,4.72,11,2007
100,4.37,11,2007
101,4.88,11,2007
102,4.16,11,2007
103,4.57,11,2007
104,4.45,11,2007
105,4.66,11,2007
106,4.92,11,2007
107,3.90,11,2007
108,3.56,11,2007
109,4.79,11,2007
110,4.07,11,2007
111,4.06,11,2007
112,4.10,11,2007
113,4.03,11,2007
114,4.87,11,2007
115,3.80,11,2007
116,3.32,11,2007
117,3.61,11,2007
118,4.72,11,2007
119,4.84,11,2007
120,4.30,11,2007
121,4.16,11,2007
122,3.60,11,2007
123,4.24,11,2007
124,4.59,11,2007
125,3.69,11,2007
126,4.46,11,2007
127,4.04,11,2007
128,4.19,11,2007
129,4.53,11,2007
130,3.76,11,2007
131,4.94,11,2007
132,4.41,11,2007
133,4.40,11,2007
134,3.32,11,2007
135,4.48,11,2007
136,4.20,11,2007
137,3.87,11,2007
138,4.18,11,2007
139,4.23,11,2007
140,3.24,11,2007
141,4.18,11,2007
142,3.84,11,2007
143,3.93,11,2007
144,2.88,11,2007
145,3.75,11,2007
146,4.99,11,2007
147,3.90,11,2007
148,4.39,11,2007
149,3.76,11,2007
150,4.85,11,2007
151,3.97,11,2007
152,3.87,11,2007
153,4.21,11,2007
154,4.12,11,2007
155,3.86,11,2007
156,3.98,11,2007
157,4.31,11,2007
158,4.30,11,2007
159,4.55,11,2007
160,4.48,11,2007
161,3.63,11,2007
162,4.39,11,2007
163,4.61,11,2007
164,3.87,11,2007
165,4.57,11,2007
166,3.99,11,2007
167,4.36,11,2007
168,4.72,11,2007
169,3.38,11,2007
170,2.58,11,2007
171,3.88,11,2007
172,4.71,11,2007
173,3.47,11,2007
174,5.15,11,2007
175,3.11,11,2007
176,3.92,11,2007
177,4.35,11,2007
178,4.21,11,2007
179,3.53,11,2007
180,3.37,11,2007
181,4.11,11,2007
182,4.37,11,2007
183,4.64,11,2007
184,4.12,11,2007
185,4.44,11,2007
186,4.67,11,2007
187,4.09,11,2007
188,3.56,11,2007
189,4.06,11,2007
190,3.85,11,2007
191,4.13,11,2007
192,3.90,11,2007
193,4.45,11,2007
194,4.41,11,2007
195,4.60,11,2007
196,4.10,11,2007
197,4.20,11,2007
198,4.29,11,2007
199,4.04,11,2007
200,4.19,11,2007
201,4.35,11,2007
202,4.18,11,2007
203,3.05,11,2007
204,4.07,11,2007
205,3.55,11,2007
206,4.13,11,2007
207,3.80,11,2007
208,3.91,11,2007
209,4.12,11,2007
210,3.62,11,2007
211,3.70,11,2007
212,3.28,11,2007
213,3.31,11,2007
214,4.40,11,2007
215,3.48,11,2007
216,3.78,11,2007
217,3.88,11,2007
218,4.10,11,2007
219,3.78,11,2007
220,3.57,11,2007
221,3.68,11,2007
222,3.09,11,2007
223,3.69,11,2007
224,2.95,11,2007
225,3.27,11,2007
226,3.02,11,2007
227,3.11,11,2007
228,3.17,11,2007
229,2.79,11,2007
230,3.44,11,2007
231,3.81,11,2007
232,3.88,11,2007
233,3.90,11,2007
234,3.47,11,2007
235,3.78,11,2007
236,2.72,11,2007
237,3.60,11,2007
238,2.53,11,2007
239,2.84,11,2007
240,3.25,11,2007
241,2.81,11,2007
242,2.08,11,2007
243,3.42,11,2007
244,3.01,11,2007
245,3.67,11,2007
246,2.45,11,2007
247,1.89,11,2007
248,3.77,11,2007
249,2.81,11,2007
250,3.18,11,2007
251,2.33,11,2007
252,2.05,11,2007
253,1.53,11,2007
254,1.82,11,2007
255,1.69,11,2007
256,2.31,11,2007
257,1.43,11,2007
258,1.59,11,2007
259,1.19,11,2007
1,2.30,12,2006
2,5.15,12,2006
3,4.47,12,2006
4,5.07,12,2006
5,4.73,12,2006
6,4.75,12,2006
7,5.22,12,2006
8,4.54,12,2006
9,5.27,12,2006
10,4.43,12,2006
11,5.35,12,2006
12,5.07,12,2006
13,5.58,12,2006
14,5.31,12,2006
15,5.14,12,2006
16,4.83,12,2006
17,4.95,12,2006
18,5.94,12,2006
19,5.18,12,2006
20,5.03,12,2006
21,5.37,12,2006
22,5.06,12,2006
23,4.73,12,2006
24,4.19,12,2006
25,4.18,12,2006
26,4.59,12,2006
27,4.69,12,2006
28,5.12,12,2006
29,4.81,12,2006
30,5.05,12,2006
31,3.96,12,2006
32,4.60,12,2006
33,4.67,12,2006
34,4.85,12,2006
35,4.98,12,2006
36,4.85,12,2006
37,4.25,12,2006
38,3.97,12,2006
39,4.04,12,2006
40,4.07,12,2007
41,4.36,12,2007
42,4.44,12,2007
43,5.17,12,2007
44,4.09,12,2007
45,4.58,12,2007
46,4.86,12,2007
47,4.64,12,2007
48,4.61,12,2007
49,4.59,12,2007
50,3.98,12,2007
51,3.89,12,2007
52,4.10,12,2007
53,4.39,12,2007
54,4.71,12,2007
55,3.28,12,2007
56,4.14,12,2007
57,3.41,12,2007
58,4.13,12,2007
59,5.04,12,2007
60,3.43,12,2007
61,3.69,12,2007
62,3.78,12,2007
63,4.27,12,2007
64,4.54,12,2007
65,4.73,12,2007
66,3.95,12,2007
67,3.90,12,2007
68,4.55,12,2007
69,3.66,12,2007
70,4.16,12,2007
71,4.09,12,2007
72,4.29,12,2007
73,4.35,12,2007
74,3.97,12,2007
75,4.05,12,2007
76,4.21,12,2007
77,4.85,12,2007
78,4.11,12,2007
79,4.20,12,2007
80,4.18,12,2007
81,3.58,12,2007
82,4.42,12,2007
83,4.36,12,2007
84,4.13,12,2007
85,4.57,12,2007
86,5.47,12,2007
87,4.37,12,2007
88,3.12,12,2007
89,4.54,12,2007
90,4.92,12,2007
91,4.72,12,2007
92,3.48,12,2007
93,3.86,12,2007
94,4.58,12,2007
95,4.72,12,2007
96,4.37,12,2007
97,4.88,12,2007
98,4.16,12,2007
99,4.57,12,2007
100,4.45,12,2007
101,4.66,12,2007
102,4.92,12,2007
103,3.90,12,2007
104,3.56,12,2007
105,4.79,12,2007
106,4.07,12,2007
107,4.06,12,2007
108,4.10,12,2007
109,4.03,12,2007
110,4.87,12,2007
111,3.80,12,2007
112,3.32,12,2007
113,3.61,12,2007
114,4.72,12,2007
115,4.84,12,2007
116,4.30,12,2007
117,4.16,12,2007
118,3.60,12,2007
119,4.24,12,2007
120,4.59,12,2007
121,3.69,12,2007
122,4.46,12,2007
123,4.04,12,2007
124,4.19,12,2007
125,4.53,12,2007
126,3.76,12,2007
127,4.94,12,2007
128,4.41,12,2007
129,4.40,12,2007
130,3.32,12,2007
131,4.48,12,2007
132,4.20,12,2007
133,3.87,12,2007
134,4.18,12,2007
135,4.23,12,2007
136,3.24,12,2007
137,4.18,12,2007
138,3.84,12,2007
139,3.93,12,2007
140,2.88,12,2007
141,3.75,12,2007
142,4.99,12,2007
143,3.90,12,2007
144,4.39,12,2007
145,3.76,12,2007
146,4.85,12,2007
147,3.97,12,2007
148,3.87,12,2007
149,4.21,12,2007
150,4.12,12,2007
151,3.86,12,2007
152,3.98,12,2007
153,4.31,12,2007
154,4.30,12,2007
155,4.55,12,2007
156,4.48,12,2007
157,3.63,12,2007
158,4.39,12,2007
159,4.61,12,2007
160,3.87,12,2007
161,4.57,12,2007
162,3.99,12,2007
163,4.36,12,2007
164,4.72,12,2007
165,3.38,12,2007
166,2.58,12,2007
167,3.88,12,2007
168,4.71,12,2007
169,3.47,12,2007
170,5.15,12,2007
171,3.11,12,2007
172,3.92,12,2007
173,4.35,12,2007
174,4.21,12,2007
175,3.53,12,2007
176,3.37,12,2007
177,4.11,12,2007
178,4.37,12,2007
179,4.64,12,2007
180,4.12,12,2007
181,4.44,12,2007
182,4.67,12,2007
183,4.09,12,2007
184,3.56,12,2007
185,4.06,12,2007
186,3.85,12,2007
187,4.13,12,2007
188,3.90,12,2007
189,4.45,12,2007
190,4.41,12,2007
191,4.60,12,2007
192,4.10,12,2007
193,4.20,12,2007
194,4.29,12,2007
195,4.04,12,2007
196,4.19,12,2007
197,4.35,12,2007
198,4.18,12,2007
199,3.05,12,2007
200,4.07,12,2007
201,3.55,12,2007
202,4.13,12,2007
203,3.80,12,2007
204,3.91,12,2007
205,4.12,12,2007
206,3.62,12,2007
207,3.70,12,2007
208,3.28,12,2007
209,3.31,12,2007
210,4.40,12,2007
211,3.48,12,2007
212,3.78,12,2007
213,3.88,12,2007
214,4.10,12,2007
215,3.78,12,2007
216,3.57,12,2007
217,3.68,12,2007
218,3.09,12,2007
219,3.69,12,2007
220,2.95,12,2007
221,3.27,12,2007
222,3.02,12,2007
223,3.11,12,2007
224,3.17,12,2007
225,2.79,12,2007
226,3.44,12,2007
227,3.81,12,2007
228,3.88,12,2007
229,3.90,12,2007
230,3.47,12,2007
231,3.78,12,2007
232,2.72,12,2007
233,3.60,12,2007
234,2.53,12,2007
235,2.84,12,2007
236,3.25,12,2007
236,2.81,12,2007
237,2.08,12,2007
238,2.38,12,2007
239,2.17,12,2007
1,3.93,1,2007
2,4.70,1,2007
3,4.40,1,2007
4,4.44,1,2007
5,4.96,1,2007
6,4.18,1,2007
7,3.85,1,2007
8,4.87,1,2007
9,3.92,1,2007
10,4.17,1,2007
11,4.68,1,2007
12,4.42,1,2007
13,4.79,1,2007
14,4.47,1,2007
15,4.17,1,2007
16,4.01,1,2007
17,4.47,1,2007
18,4.21,1,2007
19,4.34,1,2007
20,4.91,1,2007
21,4.83,1,2007
22,4.64,1,2007
23,4.77,1,2007
24,3.94,1,2007
25,4.11,1,2007
26,3.82,1,2007
27,3.81,1,2007
28,4.86,1,2007
29,4.33,1,2007
30,4.37,1,2007
31,5.45,1,2007
32,4.70,1,2007
33,5.01,1,2007
34,5.25,1,2007
35,4.84,1,2007
36,4.20,1,2007
37,4.56,1,2007
38,4.23,1,2007
39,4.86,1,2007
40,5.34,1,2007
41,4.47,1,2007
42,4.14,1,2007
43,4.86,1,2007
44,4.49,1,2007
45,4.67,1,2007
46,4.80,1,2007
47,5.01,1,2007
48,4.39,1,2007
49,4.34,1,2007
50,4.68,1,2007
51,4.62,1,2007
52,4.68,1,2007
53,4.80,1,2007
54,4.30,1,2007
55,4.14,1,2007
56,4.34,1,2007
57,5.38,1,2007
58,4.95,1,2007
59,3.90,1,2007
60,5.26,1,2007
61,4.45,1,2007
62,4.02,1,2007
63,4.33,1,2007
64,4.04,1,2007
65,5.04,1,2007
66,4.48,1,2007
67,4.21,1,2007
68,4.58,1,2007
69,4.53,1,2007
70,4.32,1,2007
71,3.96,1,2007
72,4.53,1,2007
73,4.66,1,2007
74,3.99,1,2007
75,4.41,1,2007
76,4.76,1,2007
77,3.85,1,2007
78,4.18,1,2007
79,4.31,1,2007
80,4.71,1,2007
81,4.47,1,2007
82,5.10,1,2007
83,4.84,1,2007
84,4.66,1,2007
85,4.73,1,2007
86,4.62,1,2007
87,4.66,1,2007
88,4.19,1,2007
89,5.32,1,2007
90,4.79,1,2007
91,3.91,1,2007
92,4.02,1,2007
93,4.19,1,2007
94,4.81,1,2007
95,4.03,1,2007
96,4.72,1,2007
97,4.47,1,2007
98,4.68,1,2007
99,3.99,1,2007
100,4.14,1,2007
101,4.18,1,2007
102,4.56,1,2007
103,4.38,1,2007
104,4.34,1,2007
105,4.50,1,2007
106,5.12,1,2007
107,4.76,1,2007
108,4.70,1,2007
109,4.22,1,2007
110,4.58,1,2007
111,4.39,1,2007
112,5.01,1,2007
113,4.19,1,2007
114,4.10,1,2007
115,4.67,1,2007
116,4.01,1,2007
117,4.11,1,2007
118,5.14,1,2007
119,4.81,1,2007
120,4.25,1,2007
121,4.38,1,2007
122,4.25,1,2007
123,4.98,1,2007
124,4.31,1,2007
125,4.50,1,2007
126,4.97,1,2007
127,4.83,1,2007
128,4.56,1,2007
129,3.98,1,2007
130,5.37,1,2007
131,4.56,1,2007
132,4.64,1,2007
133,5.07,1,2007
134,5.31,1,2007
135,4.61,1,2007
136,4.75,1,2007
137,3.93,1,2007
138,4.21,1,2007
139,3.84,1,2007
140,4.19,1,2007
141,4.64,1,2007
142,4.38,1,2007
143,4.95,1,2007
144,3.94,1,2007
145,4.33,1,2007
146,3.76,1,2007
147,5.09,1,2007
148,4.76,1,2007
149,3.65,1,2007
150,4.51,1,2007
151,5.43,1,2007
152,4.02,1,2007
153,4.67,1,2007
154,5.54,1,2007
155,5.48,1,2007
156,4.55,1,2007
157,4.34,1,2007
158,4.69,1,2007
159,4.87,1,2007
160,3.69,1,2007
161,4.17,1,2007
162,4.53,1,2007
163,4.15,1,2007
164,4.67,1,2007
165,4.15,1,2007
166,4.01,1,2007
167,5.04,1,2007
168,4.35,1,2007
169,4.36,1,2007
170,4.37,1,2007
171,3.67,1,2007
172,4.07,1,2007
173,3.85,1,2007
174,4.63,1,2007
175,4.78,1,2007
176,4.14,1,2007
177,4.53,1,2007
178,4.04,1,2007
179,4.85,1,2007
180,4.22,1,2007
181,4.54,1,2007
182,4.82,1,2007
183,4.09,1,2007
184,3.26,1,2007
185,4.76,1,2007
186,4.61,1,2007
187,4.58,1,2007
188,4.12,1,2007
189,4.73,1,2007
190,4.40,1,2007
191,4.07,1,2007
192,3.92,1,2007
193,4.15,1,2007
194,4.78,1,2007
195,4.32,1,2007
196,4.60,1,2007
197,3.91,1,2007
198,3.93,1,2007
199,4.07,1,2007
200,4.51,1,2007
201,4.55,1,2007
202,4.74,1,2007
203,3.66,1,2007
204,4.19,1,2007
205,4.44,1,2007
206,4.43,1,2007
207,4.57,1,2007
208,4.29,1,2007
209,4.10,1,2007
210,3.80,1,2007
211,4.63,1,2007
212,4.11,1,2007
213,3.96,1,2007
214,4.33,1,2007
215,4.14,1,2007
216,4.34,1,2007
217,4.41,1,2007
218,4.12,1,2007
219,4.11,1,2007
220,3.64,1,2007
221,4.01,1,2007
222,4.39,1,2007
223,2.97,1,2007
224,2.28,1,2007
225,3.02,1,2007
226,2.69,1,2007
227,2.85,1,2007
228,2.36,1,2007
229,4.03,1,2008
230,4.59,1,2008
231,4.49,1,2008
232,4.37,1,2008
233,4.23,1,2008
234,4.20,1,2008
235,4.31,1,2008
236,4.33,1,2008
237,4.22,1,2008
238,4.97,1,2008
239,4.58,1,2008
240,4.43,1,2008
241,4.25,1,2008
242,4.07,1,2008
243,4.08,1,2008
244,3.87,1,2008
245,4.18,1,2008
246,3.50,1,2008
247,4.08,1,2008
248,4.50,1,2008
249,3.56,1,2008
250,4.31,1,2008
251,3.97,1,2008
252,2.86,1,2008
253,2.59,1,2008
254,2.88,1,2008
255,1.02,1,2008
1,4.47,2,2007
2,4.45,2,2007
3,4.36,2,2007
4,4.33,2,2007
5,4.09,2,2007
6,4.32,2,2007
7,4.45,2,2007
8,4.13,2,2007
9,4.35,2,2007
10,4.11,2,2007
11,4.19,2,2007
12,3.88,2,2007
13,4.53,2,2007
14,5.48,2,2007
15,4.05,2,2007
16,4.56,2,2007
17,5.15,2,2007
18,4.22,2,2007
19,4.49,2,2007
20,4.50,2,2007
21,4.28,2,2007
22,4.33,2,2007
23,5.43,2,2007
24,3.75,2,2007
25,4.46,2,2007
26,4.55,2,2007
27,4.52,2,2007
28,4.29,2,2007
29,4.97,2,2007
30,4.10,2,2007
31,3.68,2,2007
32,3.88,2,2007
33,5.58,2,2008
34,5.39,2,2008
35,5.15,2,2008
36,4.89,2,2008
37,5.12,2,2008
38,5.11,2,2008
39,4.79,2,2008
40,4.61,2,2008
41,5.30,2,2008
42,5.41,2,2008
43,4.43,2,2008
44,4.81,2,2008
45,5.01,2,2008
46,4.95,2,2008
47,4.29,2,2008
48,5.33,2,2008
49,4.98,2,2008
50,4.67,2,2008
51,5.20,2,2008
52,4.48,2,2008
53,5.19,2,2008
54,4.64,2,2008
55,4.84,2,2008
56,3.90,2,2008
57,4.93,2,2008
58,4.93,2,2008
59,5.48,2,2008
60,4.66,2,2008
61,4.81,2,2008
62,4.85,2,2008
63,4.96,2,2008
64,5.04,2,2008
65,4.94,2,2008
66,4.93,2,2008
67,4.93,2,2008
68,4.80,2,2008
69,4.69,2,2008
70,4.22,2,2008
71,5.12,2,2008
72,3.66,2,2008
73,3.98,2,2008
74,5.13,2,2008
75,4.84,2,2008
76,4.52,2,2008
77,5.14,2,2008
78,4.69,2,2008
79,5.10,2,2008
80,4.53,2,2008
81,4.79,2,2008
82,4.82,2,2008
83,4.38,2,2008
84,5.21,2,2008
85,4.60,2,2008
86,3.83,2,2008
87,4.67,2,2008
88,4.72,2,2008
89,4.06,2,2008
90,4.22,2,2008
91,4.87,2,2008
92,3.92,2,2008
93,5.19,2,2008
94,4.88,2,2008
95,4.49,2,2008
96,3.89,2,2008
97,4.89,2,2008
98,5.42,2,2008
99,4.65,2,2008
100,5.49,2,2008
101,4.52,2,2008
102,4.76,2,2008
103,4.46,2,2008
104,4.19,2,2008
105,4.64,2,2008
106,4.60,2,2008
107,2.77,2,2008
108,1.91,2,2008
1,4.92,3,2007
2,5.33,3,2007
3,5.20,3,2007
4,4.43,3,2007
5,5.55,3,2007
6,5.00,3,2007
7,2.97,3,2007
8,5.04,3,2007
9,4.18,3,2007
10,5.28,3,2007
11,6.19,3,2007
12,5.52,3,2007
13,5.03,3,2007
14,5.06,3,2007
15,5.51,3,2007
16,4.28,3,2007
17,5.30,3,2007
18,4.91,3,2007
19,5.54,3,2007
20,5.58,3,2007
21,4.71,3,2007
22,5.25,3,2007
23,5.87,3,2007
24,5.92,3,2007
25,5.29,3,2007
26,4.50,3,2008
27,4.82,3,2008
28,5.68,3,2008
29,5.20,3,2008
30,4.90,3,2008
31,5.00,3,2008
32,4.91,3,2008
33,4.13,3,2008
34,4.75,3,2008
35,5.06,3,2008
36,4.48,3,2008
37,4.60,3,2008
38,5.25,3,2008
39,5.31,3,2008
40,5.16,3,2008
41,5.10,3,2008
42,5.24,3,2008
43,5.15,3,2008
44,5.12,3,2008
45,4.88,3,2008
46,4.96,3,2008
47,4.40,3,2008
48,5.01,3,2008
49,4.79,3,2008
50,5.05,3,2008
51,4.49,3,2008
52,5.08,3,2008
53,4.72,3,2008
54,4.60,3,2008
55,5.89,3,2008
56,5.39,3,2008
57,5.31,3,2008
58,4.63,3,2008
59,4.93,3,2008
60,4.04,3,2008
61,4.79,3,2008
62,4.95,3,2008
63,5.55,3,2008
64,4.76,3,2008
65,4.77,3,2008
66,4.49,3,2008
67,5.05,3,2008
68,4.22,3,2008
69,4.16,3,2008
70,4.60,3,2008
71,5.15,3,2008
72,4.47,3,2008
73,5.01,3,2008
74,5.31,3,2008
75,4.34,3,2008
76,4.63,3,2008
77,5.07,3,2008
78,5.28,3,2008
79,5.04,3,2008
80,5.07,3,2008
81,5.02,3,2008
82,4.50,3,2008
83,3.74,3,2008
84,4.49,3,2008
85,3.51,3,2008
86,4.90,3,2008
87,3.45,3,2008
88,4.44,3,2008
89,4.28,3,2008
90,4.67,3,2008
91,4.27,3,2008
92,3.44,3,2008
93,4.26,3,2008
94,4.53,3,2008
95,4.26,3,2008
96,3.61,3,2008
97,2.93,3,2008
98,3.27,3,2008
99,3.82,3,2008
100,2.06,3,2008
101,2.51,3,2008
1,4.66,4,2007
2,5.02,4,2007
3,4.26,4,2007
4,5.81,4,2007
5,5.40,4,2007
6,4.46,4,2007
7,4.76,4,2007
8,4.91,4,2007
9,4.43,4,2007
10,4.72,4,2007
11,4.37,4,2007
12,3.71,4,2007
13,5.59,4,2007
14,5.16,4,2007
15,4.83,4,2007
16,5.25,4,2007
17,4.30,4,2007
18,4.64,4,2007
19,5.53,4,2007
20,5.69,4,2007
21,5.62,4,2007
22,4.55,4,2007
23,5.25,4,2007
24,4.88,4,2007
25,5.09,4,2007
26,3.65,4,2007
27,3.58,4,2007
28,4.33,4,2007
29,5.28,4,2007
30,4.77,4,2007
31,4.55,4,2007
32,4.02,4,2007
33,4.64,4,2007
34,4.39,4,2007
35,3.92,4,2007
36,4.10,4,2007
37,5.61,4,2007
38,5.83,4,2007
39,5.11,4,2007
40,4.19,4,2007
41,4.06,4,2007
42,5.24,4,2007
43,4.75,4,2007
44,3.41,4,2007
45,4.71,4,2007
46,4.23,4,2007
47,4.58,4,2007
48,4.26,4,2007
49,3.75,4,2007
50,3.96,4,2007
51,4.27,4,2007
52,4.12,4,2007
53,4.61,4,2007
54,3.89,4,2007
55,3.91,4,2007
56,4.11,4,2007
57,3.87,4,2007
58,3.22,4,2007
59,4.14,4,2007
60,3.60,4,2007
61,2.61,4,2007
62,2.53,4,2007
63,2.27,4,2007
64,5.16,4,2007
65,3.95,4,2007
66,5.48,4,2008
67,4.53,4,2008
68,5.36,4,2008
69,5.46,4,2008
70,4.57,4,2008
71,5.16,4,2008
72,4.96,4,2008
73,4.98,4,2008
74,4.66,4,2008
75,4.35,4,2008
76,5.45,4,2008
77,5.14,4,2008
78,5.45,4,2008
79,4.47,4,2008
80,5.23,4,2008
81,5.22,4,2008
82,4.91,4,2008
83,5.07,4,2008
84,4.77,4,2008
85,3.94,4,2008
86,4.20,4,2008
87,4.66,4,2008
88,4.27,4,2008
89,4.25,4,2008
90,4.69,4,2008
91,5.01,4,2008
92,3.79,4,2008
93,4.57,4,2008
94,5.06,4,2008
95,5.22,4,2008
96,5.49,4,2008
97,3.98,4,2008
98,4.77,4,2008
99,5.62,4,2008
100,5.17,4,2008
101,4.74,4,2008
102,4.88,4,2008
103,5.16,4,2008
1,4.17,5,2007
2,4.25,5,2007
3,4.24,5,2007
4,4.08,5,2007
5,4.49,5,2007
6,4.59,5,2007
7,4.61,5,2008
8,4.56,5,2008
9,4.67,5,2008
10,5.10,5,2008
11,5.22,5,2008
12,5.31,5,2008
13,4.98,5,2008
14,5.02,5,2008
15,5.65,5,2008
16,5.66,5,2008
17,5.12,5,2008
18,5.16,5,2008
19,5.20,5,2008
20,4.91,5,2008
21,5.03,5,2008
22,4.34,5,2008
23,5.61,5,2008
24,4.34,5,2008
25,4.90,5,2008
26,5.01,5,2008
27,5.05,5,2008
28,5.73,5,2008
29,5.03,5,2008
30,4.59,5,2008
31,5.24,5,2008
32,4.95,5,2008
33,4.66,5,2008
34,4.80,5,2008
35,4.92,5,2008
36,5.01,5,2008
37,4.94,5,2008
38,4.14,5,2008
39,4.92,5,2008
40,5.20,5,2008
41,5.03,5,2008
42,4.88,5,2008
43,4.77,5,2008
44,5.38,5,2008
45,5.50,5,2008
46,4.44,5,2008
47,4.83,5,2008
48,3.42,5,2008
49,4.73,5,2008
50,5.14,5,2008
51,4.98,5,2008
52,5.02,5,2008
53,5.01,5,2008
54,4.71,5,2008
55,4.79,5,2008
56,4.33,5,2008
57,4.76,5,2008
58,5.17,5,2008
59,4.63,5,2008
60,3.88,5,2008
61,4.84,5,2008
62,4.47,5,2008
63,5.27,5,2008
64,5.24,5,2008
65,4.43,5,2008
66,4.60,5,2008
67,4.06,5,2008
68,4.18,5,2008
69,4.98,5,2008
70,2.96,5,2008
71,0.89,5,2008
72,0.57,5,2008
73,0.55,5,2008
74,0.64,5,2008
75,0.67,5,2008
76,0.49,5,2008
77,0.81,5,2008
78,0.78,5,2008
79,0.84,5,2008
80,0.55,5,2008
81,0.72,5,2008
82,0.65,5,2008
83,0.84,5,2008
84,0.62,5,2008
85,0.72,5,2008
86,0.59,5,2008
87,0.58,5,2008
88,0.76,5,2008
89,0.48,5,2008
90,0.82,5,2008
91,0.63,5,2008
92,0.80,5,2008
93,0.74,5,2008
94,0.62,5,2008
95,0.62,5,2008
96,0.58,5,2008
97,0.56,5,2008
98,0.63,5,2008
99,0.68,5,2008
100,0.64,5,2008
101,0.34,5,2008
102,0.90,5,2008
103,0.58,5,2008
104,0.52,5,2008
105,0.78,5,2008
106,0.61,5,2008
107,0.47,5,2008
108,0.63,5,2008
109,0.56,5,2008
110,0.46,5,2008
111,0.65,5,2008
112,0.65,5,2008
113,0.76,5,2008
114,0.70,5,2008
115,0.46,5,2008
116,0.52,5,2008
117,0.57,5,2008
118,0.61,5,2008
119,0.51,5,2008
120,0.62,5,2008
121,0.71,5,2008
122,0.66,5,2008
123,0.69,5,2008
124,0.70,5,2008
125,0.56,5,2008
126,0.59,5,2008
127,0.78,5,2008
128,0.53,5,2008
129,0.45,5,2008
130,0.57,5,2008
131,0.42,5,2008
132,0.37,5,2008
133,0.58,5,2008
134,0.36,5,2008
135,0.59,5,2008
136,0.63,5,2008
137,0.63,5,2008
138,0.55,5,2008
139,0.59,5,2008
140,0.79,5,2008
141,0.70,5,2008
142,0.59,5,2008
143,0.37,5,2008
144,0.42,5,2008
145,0.50,5,2008
146,0.46,5,2008
147,0.70,5,2008
148,0.58,5,2008
149,0.51,5,2008
150,0.45,5,2008
151,0.46,5,2008
152,0.60,5,2008
153,0.50,5,2008
154,0.56,5,2008
155,0.39,5,2008
156,0.38,5,2008
157,0.44,5,2008
158,0.56,5,2008
159,0.42,5,2008
160,0.42,5,2008
161,0.81,5,2008
162,0.36,5,2008
1,5.13,6,2007
2,3.94,6,2007
3,1.18,6,2007
4,0.91,6,2007
5,0.97,6,2007
6,1.03,6,2007
7,0.89,6,2007
8,1.16,6,2007
9,0.78,6,2007
10,1.17,6,2007
11,1.02,6,2007
12,0.94,6,2007
13,0.74,6,2007
14,0.70,6,2007
15,0.89,6,2007
16,0.91,6,2007
17,0.87,6,2007
18,1.00,6,2007
19,0.86,6,2007
20,1.06,6,2007
21,1.00,6,2007
22,0.90,6,2007
23,0.98,6,2007
24,1.04,6,2007
25,0.85,6,2007
26,0.84,6,2007
27,1.03,6,2007
28,1.04,6,2007
29,0.87,6,2007
30,1.01,6,2007
31,0.92,6,2007
32,0.93,6,2007
33,0.94,6,2007
34,0.79,6,2007
35,0.97,6,2007
36,1.02,6,2007
37,1.08,6,2007
38,0.97,6,2007
39,0.98,6,2007
40,0.88,6,2007
41,0.90,6,2007
42,0.83,6,2007
43,0.70,6,2007
44,0.81,6,2007
45,0.91,6,2007
46,0.98,6,2007
47,0.85,6,2007
48,0.73,6,2007
49,0.84,6,2007
50,0.77,6,2007
51,0.98,6,2007
52,0.72,6,2007
53,0.70,6,2007
54,0.93,6,2007
55,0.79,6,2007
56,0.81,6,2007
57,0.92,6,2007
58,0.98,6,2007
59,0.84,6,2007
60,0.86,6,2007
61,0.75,6,2007
62,0.76,6,2007
63,1.07,6,2007
64,0.98,6,2007
65,0.92,6,2007
66,1.21,6,2007
67,0.93,6,2007
68,0.73,6,2007
69,0.75,6,2007
70,0.89,6,2007
71,0.86,6,2007
72,1.09,6,2007
73,0.83,6,2007
74,0.88,6,2007
75,0.75,6,2007
76,0.67,6,2007
77,0.82,6,2007
78,1.00,6,2007
79,0.98,6,2007
80,1.00,6,2007
81,1.15,6,2007
82,0.85,6,2007
83,0.98,6,2007
84,0.76,6,2007
85,0.85,6,2007
86,0.85,6,2007
87,0.98,6,2007
88,0.98,6,2007
89,0.85,6,2007
90,1.43,6,2007
91,1.07,6,2007
92,0.81,6,2007
93,0.87,6,2007
94,0.98,6,2007
95,1.08,6,2007
96,0.98,6,2007
97,0.99,6,2007
98,0.71,6,2007
99,0.89,6,2007
100,0.65,6,2007
101,0.72,6,2007
102,0.79,6,2007
103,0.92,6,2007
104,0.93,6,2007
105,0.94,6,2007
106,0.84,6,2007
107,1.15,6,2007
108,0.99,6,2007
109,0.97,6,2007
110,0.86,6,2007
111,1.05,6,2007
112,0.83,6,2007
113,1.08,6,2007
114,0.80,6,2007
115,1.22,6,2007
116,1.07,6,2007
117,0.75,6,2007
118,0.84,6,2007
119,0.77,6,2007
120,0.78,6,2007
121,0.88,6,2007
122,0.89,6,2007
123,0.88,6,2007
124,0.91,6,2007
125,0.52,6,2007
126,0.81,6,2007
127,0.97,6,2007
128,1.11,6,2007
129,0.94,6,2007
130,0.85,6,2007
131,0.78,6,2007
132,0.94,6,2007
133,0.80,6,2007
134,0.69,6,2007
135,1.20,6,2008
136,1.30,6,2008
137,1.57,6,2008
138,1.52,6,2008
139,1.28,6,2008
140,1.19,6,2008
141,1.01,6,2008
142,1.58,6,2008
143,1.35,6,2008
144,1.36,6,2008
145,1.26,6,2008
146,1.39,6,2008
147,1.14,6,2008
148,1.51,6,2008
149,1.15,6,2008
150,1.34,6,2008
151,0.60,6,2008
152,1.22,6,2008
153,1.00,6,2008
154,1.17,6,2008
155,1.32,6,2008
156,0.60,6,2008
157,1.58,6,2008
158,1.28,6,2008
159,1.17,6,2008
160,1.43,6,2008
161,1.00,6,2008
162,1.46,6,2008
163,1.06,6,2008
164,1.25,6,2008
165,1.41,6,2008
166,1.22,6,2008
167,1.16,6,2008
168,1.08,6,2008
169,1.25,6,2008
170,0.98,6,2008
171,1.01,6,2008
172,1.30,6,2008
173,0.77,6,2008
174,1.08,6,2008
175,1.01,6,2008
176,1.17,6,2008
177,1.11,6,2008
178,1.03,6,2008
179,1.30,6,2008
180,0.93,6,2008
181,1.06,6,2008
182,1.28,6,2008
183,1.48,6,2008
184,1.30,6,2008
185,1.09,6,2008
186,1.24,6,2008
187,1.00,6,2008
188,0.87,6,2008
189,0.89,6,2008
190,1.10,6,2008
191,1.12,6,2008
192,1.30,6,2008
193,1.00,6,2008
194,0.80,6,2008
195,0.90,6,2008
196,0.70,6,2008
197,1.05,6,2008
198,1.38,6,2008
199,0.95,6,2008
200,1.00,6,2008
201,0.79,6,2008
202,0.74,6,2008
203,1.05,6,2008
204,1.17,6,2008
205,1.22,6,2008
206,1.21,6,2008
207,0.88,6,2008
208,0.88,6,2008
209,0.92,6,2008
210,1.34,6,2008
211,0.85,6,2008
212,0.99,6,2008
213,1.63,6,2008
214,1.21,6,2008
215,1.11,6,2008
216,1.47,6,2008
217,1.56,6,2008
218,1.29,6,2008
219,0.90,6,2008
220,0.80,6,2008
221,1.05,6,2008
222,0.92,6,2008
223,1.04,6,2008
224,0.99,6,2008
225,1.04,6,2008
226,1.04,6,2008
227,1.08,6,2008
228,0.88,6,2008
229,0.98,6,2008
230,0.89,6,2008
231,1.13,6,2008
232,1.10,6,2008
233,0.95,6,2008
234,1.32,6,2008
235,1.27,6,2008
236,1.16,6,2008
237,1.04,6,2008
238,0.99,6,2008
239,1.10,6,2008
240,1.15,6,2008
241,1.00,6,2008
242,1.39,6,2008
243,1.22,6,2008
244,0.94,6,2008
245,0.86,6,2008
246,0.92,6,2008
247,1.11,6,2008
248,1.06,6,2008
249,0.90,6,2008
250,0.73,6,2008
251,0.92,6,2008
252,0.85,6,2008
253,1.08,6,2008
254,1.41,6,2008
255,1.66,6,2008
256,0.94,6,2008
257,1.51,6,2008
258,1.00,6,2008
259,1.53,6,2008
260,1.02,6,2008
261,1.31,6,2008
262,1.04,6,2008
263,1.04,6,2008
264,1.20,6,2008
265,1.19,6,2008
266,1.14,6,2008
267,1.10,6,2008
268,1.43,6,2008
269,1.51,6,2008
270,1.19,6,2008
271,1.16,6,2008
272,1.22,6,2008
273,1.33,6,2008
274,1.30,6,2008
275,0.96,6,2008
276,0.97,6,2008
277,1.16,6,2008
278,1.19,6,2008
279,1.12,6,2008
280,1.13,6,2008
281,1.00,6,2008
282,1.32,6,2008
283,1.10,6,2008
284,1.19,6,2008
285,0.85,6,2008
286,1.13,6,2008
287,1.28,6,2008
288,0.83,6,2008
289,1.41,6,2008
290,0.83,6,2008
291,1.30,6,2008
292,0.99,6,2008
293,1.07,6,2008
294,0.90,6,2008
295,1.09,6,2008
296,1.00,6,2008
297,1.01,6,2008
298,0.90,6,2008
299,0.99,6,2008
300,1.04,6,2008
301,0.90,6,2008
302,1.01,6,2008
303,1.01,6,2008
304,0.70,6,2008
305,1.11,6,2008
306,1.31,6,2008
307,0.86,6,2008
308,1.06,6,2008
309,1.28,6,2008
310,1.15,6,2008
311,1.08,6,2008
312,0.95,6,2008
313,0.66,6,2008
314,1.13,6,2008
315,1.01,6,2008
316,1.02,6,2008
317,1.06,6,2008
318,1.22,6,2008
319,0.75,6,2008
320,1.22,6,2008
321,1.01,6,2008
322,1.14,6,2008
323,1.14,6,2008
324,1.33,6,2008
325,1.20,6,2008
326,1.00,6,2008
327,0.94,6,2008
328,1.25,6,2008
329,1.13,6,2008
330,1.05,6,2008
331,1.10,6,2008
332,1.00,6,2008
333,0.97,6,2008
334,0.70,6,2008
335,1.06,6,2008
336,0.99,6,2008
337,1.13,6,2008
338,1.00,6,2008
339,1.00,6,2008
340,1.02,6,2008
341,1.23,6,2008
342,1.31,6,2008
343,1.19,6,2008
344,1.27,6,2008
345,1.06,6,2008
346,0.97,6,2008
347,1.08,6,2008
348,1.20,6,2008
349,1.11,6,2008
350,0.98,6,2008
351,1.11,6,2008
352,0.87,6,2008
353,1.02,6,2008
354,0.91,6,2008
355,1.12,6,2008
356,0.96,6,2008
357,1.00,6,2008
358,0.86,6,2008
359,0.78,6,2008
360,1.03,6,2008
361,1.00,6,2008
362,1.03,6,2008
363,0.86,6,2008
364,1.03,6,2008
365,0.86,6,2008
366,0.74,6,2008
367,4.54,6,2008
